ISO-10303-21;
HEADER;
/* Generated by software containing ST-Developer
 * from STEP Tools, Inc. (www.steptools.com) 
 */
/* OPTION: using custom renumber hook */

FILE_DESCRIPTION(
/* description */ ('STEP AP214'),
/* implementation_level */ '2;1');

FILE_NAME(
/* name */ 'SSW-104-01-G-D',
/* time_stamp */ '2026-02-08T17:26:32+01:00',
/* author */ ('License CC BY-ND 4.0'),
/* organization */ ('CADENAS'),
/* preprocessor_version */ 'ST-DEVELOPER v20',
/* originating_system */ 'PARTsolutions',
/* authorisation */ '  ');

FILE_SCHEMA (('AUTOMOTIVE_DESIGN {1 0 10303 214 3 1 1}'));
ENDSEC;

DATA;
#10=PROPERTY_DEFINITION_REPRESENTATION(#14,#12);
#11=PROPERTY_DEFINITION_REPRESENTATION(#15,#13);
#12=REPRESENTATION('',(#16),#3645);
#13=REPRESENTATION('',(#17),#3645);
#14=PROPERTY_DEFINITION('pmi validation property','',#3657);
#15=PROPERTY_DEFINITION('pmi validation property','',#3657);
#16=VALUE_REPRESENTATION_ITEM('number of annotations',COUNT_MEASURE(0.));
#17=VALUE_REPRESENTATION_ITEM('number of views',COUNT_MEASURE(0.));
#18=DRAUGHTING_PRE_DEFINED_COLOUR('yellow');
#19=CONTEXT_DEPENDENT_SHAPE_REPRESENTATION(#23,#3659);
#20=CONTEXT_DEPENDENT_SHAPE_REPRESENTATION(#24,#3661);
#21=NEXT_ASSEMBLY_USAGE_OCCURRENCE('NAUO1','T1SSW-104-01-G-D',
'T1SSW-104-01-G-D',#3662,#3663,'');
#22=NEXT_ASSEMBLY_USAGE_OCCURRENCE('NAUO2','P2SSW-104-01-G-D',
'P2SSW-104-01-G-D',#3662,#3664,'');
#23=(
REPRESENTATION_RELATIONSHIP(' ',' ',#2334,#2333)
REPRESENTATION_RELATIONSHIP_WITH_TRANSFORMATION(#25)
SHAPE_REPRESENTATION_RELATIONSHIP()
);
#24=(
REPRESENTATION_RELATIONSHIP(' ',' ',#2335,#2333)
REPRESENTATION_RELATIONSHIP_WITH_TRANSFORMATION(#26)
SHAPE_REPRESENTATION_RELATIONSHIP()
);
#25=ITEM_DEFINED_TRANSFORMATION(' ',' ',#2336,#2391);
#26=ITEM_DEFINED_TRANSFORMATION(' ',' ',#2336,#2454);
#27=SHAPE_REPRESENTATION_RELATIONSHIP('','',#2334,#29);
#28=SHAPE_REPRESENTATION_RELATIONSHIP('','',#2335,#30);
#29=ADVANCED_BREP_SHAPE_REPRESENTATION('',(#2328),#3646);
#30=ADVANCED_BREP_SHAPE_REPRESENTATION('',(#2329),#3647);
#31=ORIENTED_EDGE('',*,*,#655,.F.);
#32=ORIENTED_EDGE('',*,*,#656,.F.);
#33=ORIENTED_EDGE('',*,*,#657,.F.);
#34=ORIENTED_EDGE('',*,*,#658,.T.);
#35=ORIENTED_EDGE('',*,*,#659,.F.);
#36=ORIENTED_EDGE('',*,*,#660,.F.);
#37=ORIENTED_EDGE('',*,*,#661,.F.);
#38=ORIENTED_EDGE('',*,*,#662,.T.);
#39=ORIENTED_EDGE('',*,*,#663,.F.);
#40=ORIENTED_EDGE('',*,*,#664,.F.);
#41=ORIENTED_EDGE('',*,*,#665,.F.);
#42=ORIENTED_EDGE('',*,*,#666,.T.);
#43=ORIENTED_EDGE('',*,*,#667,.F.);
#44=ORIENTED_EDGE('',*,*,#668,.F.);
#45=ORIENTED_EDGE('',*,*,#669,.F.);
#46=ORIENTED_EDGE('',*,*,#670,.T.);
#47=ORIENTED_EDGE('',*,*,#671,.F.);
#48=ORIENTED_EDGE('',*,*,#672,.F.);
#49=ORIENTED_EDGE('',*,*,#673,.T.);
#50=ORIENTED_EDGE('',*,*,#674,.T.);
#51=ORIENTED_EDGE('',*,*,#675,.F.);
#52=ORIENTED_EDGE('',*,*,#676,.T.);
#53=ORIENTED_EDGE('',*,*,#677,.F.);
#54=ORIENTED_EDGE('',*,*,#678,.F.);
#55=ORIENTED_EDGE('',*,*,#679,.T.);
#56=ORIENTED_EDGE('',*,*,#680,.T.);
#57=ORIENTED_EDGE('',*,*,#681,.F.);
#58=ORIENTED_EDGE('',*,*,#682,.F.);
#59=ORIENTED_EDGE('',*,*,#683,.F.);
#60=ORIENTED_EDGE('',*,*,#684,.T.);
#61=ORIENTED_EDGE('',*,*,#685,.F.);
#62=ORIENTED_EDGE('',*,*,#686,.F.);
#63=ORIENTED_EDGE('',*,*,#687,.F.);
#64=ORIENTED_EDGE('',*,*,#688,.T.);
#65=ORIENTED_EDGE('',*,*,#689,.F.);
#66=ORIENTED_EDGE('',*,*,#690,.F.);
#67=ORIENTED_EDGE('',*,*,#691,.F.);
#68=ORIENTED_EDGE('',*,*,#692,.T.);
#69=ORIENTED_EDGE('',*,*,#693,.F.);
#70=ORIENTED_EDGE('',*,*,#694,.F.);
#71=ORIENTED_EDGE('',*,*,#695,.T.);
#72=ORIENTED_EDGE('',*,*,#696,.T.);
#73=ORIENTED_EDGE('',*,*,#697,.F.);
#74=ORIENTED_EDGE('',*,*,#698,.T.);
#75=ORIENTED_EDGE('',*,*,#697,.T.);
#76=ORIENTED_EDGE('',*,*,#699,.T.);
#77=ORIENTED_EDGE('',*,*,#700,.F.);
#78=ORIENTED_EDGE('',*,*,#701,.T.);
#79=ORIENTED_EDGE('',*,*,#700,.T.);
#80=ORIENTED_EDGE('',*,*,#702,.T.);
#81=ORIENTED_EDGE('',*,*,#703,.F.);
#82=ORIENTED_EDGE('',*,*,#704,.T.);
#83=ORIENTED_EDGE('',*,*,#705,.T.);
#84=ORIENTED_EDGE('',*,*,#706,.T.);
#85=ORIENTED_EDGE('',*,*,#707,.F.);
#86=ORIENTED_EDGE('',*,*,#708,.T.);
#87=ORIENTED_EDGE('',*,*,#707,.T.);
#88=ORIENTED_EDGE('',*,*,#709,.T.);
#89=ORIENTED_EDGE('',*,*,#710,.F.);
#90=ORIENTED_EDGE('',*,*,#711,.T.);
#91=ORIENTED_EDGE('',*,*,#710,.T.);
#92=ORIENTED_EDGE('',*,*,#712,.T.);
#93=ORIENTED_EDGE('',*,*,#713,.F.);
#94=ORIENTED_EDGE('',*,*,#714,.T.);
#95=ORIENTED_EDGE('',*,*,#715,.T.);
#96=ORIENTED_EDGE('',*,*,#716,.T.);
#97=ORIENTED_EDGE('',*,*,#717,.F.);
#98=ORIENTED_EDGE('',*,*,#718,.T.);
#99=ORIENTED_EDGE('',*,*,#717,.T.);
#100=ORIENTED_EDGE('',*,*,#719,.T.);
#101=ORIENTED_EDGE('',*,*,#720,.F.);
#102=ORIENTED_EDGE('',*,*,#721,.T.);
#103=ORIENTED_EDGE('',*,*,#720,.T.);
#104=ORIENTED_EDGE('',*,*,#722,.T.);
#105=ORIENTED_EDGE('',*,*,#723,.F.);
#106=ORIENTED_EDGE('',*,*,#724,.T.);
#107=ORIENTED_EDGE('',*,*,#725,.T.);
#108=ORIENTED_EDGE('',*,*,#726,.T.);
#109=ORIENTED_EDGE('',*,*,#727,.F.);
#110=ORIENTED_EDGE('',*,*,#728,.T.);
#111=ORIENTED_EDGE('',*,*,#727,.T.);
#112=ORIENTED_EDGE('',*,*,#729,.T.);
#113=ORIENTED_EDGE('',*,*,#730,.F.);
#114=ORIENTED_EDGE('',*,*,#731,.T.);
#115=ORIENTED_EDGE('',*,*,#730,.T.);
#116=ORIENTED_EDGE('',*,*,#732,.T.);
#117=ORIENTED_EDGE('',*,*,#733,.F.);
#118=ORIENTED_EDGE('',*,*,#734,.T.);
#119=ORIENTED_EDGE('',*,*,#735,.T.);
#120=ORIENTED_EDGE('',*,*,#736,.T.);
#121=ORIENTED_EDGE('',*,*,#737,.F.);
#122=ORIENTED_EDGE('',*,*,#738,.T.);
#123=ORIENTED_EDGE('',*,*,#737,.T.);
#124=ORIENTED_EDGE('',*,*,#739,.T.);
#125=ORIENTED_EDGE('',*,*,#740,.F.);
#126=ORIENTED_EDGE('',*,*,#741,.T.);
#127=ORIENTED_EDGE('',*,*,#740,.T.);
#128=ORIENTED_EDGE('',*,*,#742,.T.);
#129=ORIENTED_EDGE('',*,*,#743,.F.);
#130=ORIENTED_EDGE('',*,*,#744,.T.);
#131=ORIENTED_EDGE('',*,*,#745,.T.);
#132=ORIENTED_EDGE('',*,*,#746,.T.);
#133=ORIENTED_EDGE('',*,*,#747,.F.);
#134=ORIENTED_EDGE('',*,*,#748,.T.);
#135=ORIENTED_EDGE('',*,*,#747,.T.);
#136=ORIENTED_EDGE('',*,*,#749,.T.);
#137=ORIENTED_EDGE('',*,*,#750,.F.);
#138=ORIENTED_EDGE('',*,*,#751,.T.);
#139=ORIENTED_EDGE('',*,*,#750,.T.);
#140=ORIENTED_EDGE('',*,*,#752,.T.);
#141=ORIENTED_EDGE('',*,*,#753,.F.);
#142=ORIENTED_EDGE('',*,*,#754,.T.);
#143=ORIENTED_EDGE('',*,*,#755,.T.);
#144=ORIENTED_EDGE('',*,*,#756,.T.);
#145=ORIENTED_EDGE('',*,*,#757,.F.);
#146=ORIENTED_EDGE('',*,*,#758,.T.);
#147=ORIENTED_EDGE('',*,*,#757,.T.);
#148=ORIENTED_EDGE('',*,*,#759,.T.);
#149=ORIENTED_EDGE('',*,*,#760,.F.);
#150=ORIENTED_EDGE('',*,*,#761,.T.);
#151=ORIENTED_EDGE('',*,*,#760,.T.);
#152=ORIENTED_EDGE('',*,*,#762,.T.);
#153=ORIENTED_EDGE('',*,*,#763,.F.);
#154=ORIENTED_EDGE('',*,*,#764,.T.);
#155=ORIENTED_EDGE('',*,*,#765,.T.);
#156=ORIENTED_EDGE('',*,*,#766,.T.);
#157=ORIENTED_EDGE('',*,*,#767,.F.);
#158=ORIENTED_EDGE('',*,*,#768,.T.);
#159=ORIENTED_EDGE('',*,*,#767,.T.);
#160=ORIENTED_EDGE('',*,*,#769,.T.);
#161=ORIENTED_EDGE('',*,*,#770,.F.);
#162=ORIENTED_EDGE('',*,*,#771,.T.);
#163=ORIENTED_EDGE('',*,*,#770,.T.);
#164=ORIENTED_EDGE('',*,*,#772,.T.);
#165=ORIENTED_EDGE('',*,*,#773,.F.);
#166=ORIENTED_EDGE('',*,*,#774,.T.);
#167=ORIENTED_EDGE('',*,*,#703,.T.);
#168=ORIENTED_EDGE('',*,*,#775,.T.);
#169=ORIENTED_EDGE('',*,*,#695,.F.);
#170=ORIENTED_EDGE('',*,*,#776,.T.);
#171=ORIENTED_EDGE('',*,*,#713,.T.);
#172=ORIENTED_EDGE('',*,*,#777,.T.);
#173=ORIENTED_EDGE('',*,*,#705,.F.);
#174=ORIENTED_EDGE('',*,*,#778,.T.);
#175=ORIENTED_EDGE('',*,*,#723,.T.);
#176=ORIENTED_EDGE('',*,*,#779,.T.);
#177=ORIENTED_EDGE('',*,*,#715,.F.);
#178=ORIENTED_EDGE('',*,*,#780,.T.);
#179=ORIENTED_EDGE('',*,*,#733,.T.);
#180=ORIENTED_EDGE('',*,*,#781,.T.);
#181=ORIENTED_EDGE('',*,*,#725,.F.);
#182=ORIENTED_EDGE('',*,*,#782,.T.);
#183=ORIENTED_EDGE('',*,*,#743,.T.);
#184=ORIENTED_EDGE('',*,*,#783,.T.);
#185=ORIENTED_EDGE('',*,*,#735,.F.);
#186=ORIENTED_EDGE('',*,*,#784,.T.);
#187=ORIENTED_EDGE('',*,*,#753,.T.);
#188=ORIENTED_EDGE('',*,*,#785,.T.);
#189=ORIENTED_EDGE('',*,*,#745,.F.);
#190=ORIENTED_EDGE('',*,*,#786,.T.);
#191=ORIENTED_EDGE('',*,*,#763,.T.);
#192=ORIENTED_EDGE('',*,*,#787,.T.);
#193=ORIENTED_EDGE('',*,*,#755,.F.);
#194=ORIENTED_EDGE('',*,*,#788,.T.);
#195=ORIENTED_EDGE('',*,*,#773,.T.);
#196=ORIENTED_EDGE('',*,*,#789,.T.);
#197=ORIENTED_EDGE('',*,*,#765,.F.);
#198=ORIENTED_EDGE('',*,*,#790,.T.);
#199=ORIENTED_EDGE('',*,*,#791,.F.);
#200=ORIENTED_EDGE('',*,*,#680,.F.);
#201=ORIENTED_EDGE('',*,*,#792,.F.);
#202=ORIENTED_EDGE('',*,*,#670,.F.);
#203=ORIENTED_EDGE('',*,*,#793,.F.);
#204=ORIENTED_EDGE('',*,*,#674,.F.);
#205=ORIENTED_EDGE('',*,*,#794,.F.);
#206=ORIENTED_EDGE('',*,*,#676,.F.);
#207=ORIENTED_EDGE('',*,*,#795,.F.);
#208=ORIENTED_EDGE('',*,*,#692,.F.);
#209=ORIENTED_EDGE('',*,*,#796,.F.);
#210=ORIENTED_EDGE('',*,*,#658,.F.);
#211=ORIENTED_EDGE('',*,*,#797,.F.);
#212=ORIENTED_EDGE('',*,*,#688,.F.);
#213=ORIENTED_EDGE('',*,*,#798,.F.);
#214=ORIENTED_EDGE('',*,*,#662,.F.);
#215=ORIENTED_EDGE('',*,*,#799,.F.);
#216=ORIENTED_EDGE('',*,*,#684,.F.);
#217=ORIENTED_EDGE('',*,*,#800,.F.);
#218=ORIENTED_EDGE('',*,*,#666,.F.);
#219=ORIENTED_EDGE('',*,*,#792,.T.);
#220=ORIENTED_EDGE('',*,*,#679,.F.);
#221=ORIENTED_EDGE('',*,*,#801,.F.);
#222=ORIENTED_EDGE('',*,*,#671,.T.);
#223=ORIENTED_EDGE('',*,*,#794,.T.);
#224=ORIENTED_EDGE('',*,*,#673,.F.);
#225=ORIENTED_EDGE('',*,*,#802,.F.);
#226=ORIENTED_EDGE('',*,*,#677,.T.);
#227=ORIENTED_EDGE('',*,*,#768,.F.);
#228=ORIENTED_EDGE('',*,*,#771,.F.);
#229=ORIENTED_EDGE('',*,*,#774,.F.);
#230=ORIENTED_EDGE('',*,*,#790,.F.);
#231=ORIENTED_EDGE('',*,*,#758,.F.);
#232=ORIENTED_EDGE('',*,*,#761,.F.);
#233=ORIENTED_EDGE('',*,*,#764,.F.);
#234=ORIENTED_EDGE('',*,*,#788,.F.);
#235=ORIENTED_EDGE('',*,*,#748,.F.);
#236=ORIENTED_EDGE('',*,*,#751,.F.);
#237=ORIENTED_EDGE('',*,*,#754,.F.);
#238=ORIENTED_EDGE('',*,*,#786,.F.);
#239=ORIENTED_EDGE('',*,*,#738,.F.);
#240=ORIENTED_EDGE('',*,*,#741,.F.);
#241=ORIENTED_EDGE('',*,*,#744,.F.);
#242=ORIENTED_EDGE('',*,*,#784,.F.);
#243=ORIENTED_EDGE('',*,*,#728,.F.);
#244=ORIENTED_EDGE('',*,*,#731,.F.);
#245=ORIENTED_EDGE('',*,*,#734,.F.);
#246=ORIENTED_EDGE('',*,*,#782,.F.);
#247=ORIENTED_EDGE('',*,*,#718,.F.);
#248=ORIENTED_EDGE('',*,*,#721,.F.);
#249=ORIENTED_EDGE('',*,*,#724,.F.);
#250=ORIENTED_EDGE('',*,*,#780,.F.);
#251=ORIENTED_EDGE('',*,*,#708,.F.);
#252=ORIENTED_EDGE('',*,*,#711,.F.);
#253=ORIENTED_EDGE('',*,*,#714,.F.);
#254=ORIENTED_EDGE('',*,*,#778,.F.);
#255=ORIENTED_EDGE('',*,*,#698,.F.);
#256=ORIENTED_EDGE('',*,*,#701,.F.);
#257=ORIENTED_EDGE('',*,*,#704,.F.);
#258=ORIENTED_EDGE('',*,*,#776,.F.);
#259=ORIENTED_EDGE('',*,*,#672,.T.);
#260=ORIENTED_EDGE('',*,*,#801,.T.);
#261=ORIENTED_EDGE('',*,*,#678,.T.);
#262=ORIENTED_EDGE('',*,*,#802,.T.);
#263=ORIENTED_EDGE('',*,*,#667,.T.);
#264=ORIENTED_EDGE('',*,*,#800,.T.);
#265=ORIENTED_EDGE('',*,*,#683,.T.);
#266=ORIENTED_EDGE('',*,*,#803,.T.);
#267=ORIENTED_EDGE('',*,*,#669,.T.);
#268=ORIENTED_EDGE('',*,*,#804,.F.);
#269=ORIENTED_EDGE('',*,*,#681,.T.);
#270=ORIENTED_EDGE('',*,*,#791,.T.);
#271=ORIENTED_EDGE('',*,*,#787,.F.);
#272=ORIENTED_EDGE('',*,*,#762,.F.);
#273=ORIENTED_EDGE('',*,*,#759,.F.);
#274=ORIENTED_EDGE('',*,*,#756,.F.);
#275=ORIENTED_EDGE('',*,*,#789,.F.);
#276=ORIENTED_EDGE('',*,*,#772,.F.);
#277=ORIENTED_EDGE('',*,*,#769,.F.);
#278=ORIENTED_EDGE('',*,*,#766,.F.);
#279=ORIENTED_EDGE('',*,*,#668,.T.);
#280=ORIENTED_EDGE('',*,*,#803,.F.);
#281=ORIENTED_EDGE('',*,*,#682,.T.);
#282=ORIENTED_EDGE('',*,*,#804,.T.);
#283=ORIENTED_EDGE('',*,*,#663,.T.);
#284=ORIENTED_EDGE('',*,*,#798,.T.);
#285=ORIENTED_EDGE('',*,*,#687,.T.);
#286=ORIENTED_EDGE('',*,*,#805,.T.);
#287=ORIENTED_EDGE('',*,*,#665,.T.);
#288=ORIENTED_EDGE('',*,*,#806,.F.);
#289=ORIENTED_EDGE('',*,*,#685,.T.);
#290=ORIENTED_EDGE('',*,*,#799,.T.);
#291=ORIENTED_EDGE('',*,*,#783,.F.);
#292=ORIENTED_EDGE('',*,*,#742,.F.);
#293=ORIENTED_EDGE('',*,*,#739,.F.);
#294=ORIENTED_EDGE('',*,*,#736,.F.);
#295=ORIENTED_EDGE('',*,*,#785,.F.);
#296=ORIENTED_EDGE('',*,*,#752,.F.);
#297=ORIENTED_EDGE('',*,*,#749,.F.);
#298=ORIENTED_EDGE('',*,*,#746,.F.);
#299=ORIENTED_EDGE('',*,*,#664,.T.);
#300=ORIENTED_EDGE('',*,*,#805,.F.);
#301=ORIENTED_EDGE('',*,*,#686,.T.);
#302=ORIENTED_EDGE('',*,*,#806,.T.);
#303=ORIENTED_EDGE('',*,*,#659,.T.);
#304=ORIENTED_EDGE('',*,*,#796,.T.);
#305=ORIENTED_EDGE('',*,*,#691,.T.);
#306=ORIENTED_EDGE('',*,*,#807,.T.);
#307=ORIENTED_EDGE('',*,*,#661,.T.);
#308=ORIENTED_EDGE('',*,*,#808,.F.);
#309=ORIENTED_EDGE('',*,*,#689,.T.);
#310=ORIENTED_EDGE('',*,*,#797,.T.);
#311=ORIENTED_EDGE('',*,*,#779,.F.);
#312=ORIENTED_EDGE('',*,*,#722,.F.);
#313=ORIENTED_EDGE('',*,*,#719,.F.);
#314=ORIENTED_EDGE('',*,*,#716,.F.);
#315=ORIENTED_EDGE('',*,*,#781,.F.);
#316=ORIENTED_EDGE('',*,*,#732,.F.);
#317=ORIENTED_EDGE('',*,*,#729,.F.);
#318=ORIENTED_EDGE('',*,*,#726,.F.);
#319=ORIENTED_EDGE('',*,*,#660,.T.);
#320=ORIENTED_EDGE('',*,*,#807,.F.);
#321=ORIENTED_EDGE('',*,*,#690,.T.);
#322=ORIENTED_EDGE('',*,*,#808,.T.);
#323=ORIENTED_EDGE('',*,*,#775,.F.);
#324=ORIENTED_EDGE('',*,*,#702,.F.);
#325=ORIENTED_EDGE('',*,*,#699,.F.);
#326=ORIENTED_EDGE('',*,*,#696,.F.);
#327=ORIENTED_EDGE('',*,*,#777,.F.);
#328=ORIENTED_EDGE('',*,*,#712,.F.);
#329=ORIENTED_EDGE('',*,*,#709,.F.);
#330=ORIENTED_EDGE('',*,*,#706,.F.);
#331=ORIENTED_EDGE('',*,*,#656,.T.);
#332=ORIENTED_EDGE('',*,*,#809,.F.);
#333=ORIENTED_EDGE('',*,*,#694,.T.);
#334=ORIENTED_EDGE('',*,*,#810,.T.);
#335=ORIENTED_EDGE('',*,*,#655,.T.);
#336=ORIENTED_EDGE('',*,*,#793,.T.);
#337=ORIENTED_EDGE('',*,*,#675,.T.);
#338=ORIENTED_EDGE('',*,*,#809,.T.);
#339=ORIENTED_EDGE('',*,*,#657,.T.);
#340=ORIENTED_EDGE('',*,*,#810,.F.);
#341=ORIENTED_EDGE('',*,*,#693,.T.);
#342=ORIENTED_EDGE('',*,*,#795,.T.);
#343=ORIENTED_EDGE('',*,*,#811,.F.);
#344=ORIENTED_EDGE('',*,*,#812,.F.);
#345=ORIENTED_EDGE('',*,*,#813,.F.);
#346=ORIENTED_EDGE('',*,*,#814,.F.);
#347=ORIENTED_EDGE('',*,*,#815,.F.);
#348=ORIENTED_EDGE('',*,*,#816,.F.);
#349=ORIENTED_EDGE('',*,*,#817,.F.);
#350=ORIENTED_EDGE('',*,*,#818,.F.);
#351=ORIENTED_EDGE('',*,*,#819,.F.);
#352=ORIENTED_EDGE('',*,*,#820,.F.);
#353=ORIENTED_EDGE('',*,*,#821,.F.);
#354=ORIENTED_EDGE('',*,*,#822,.F.);
#355=ORIENTED_EDGE('',*,*,#823,.F.);
#356=ORIENTED_EDGE('',*,*,#824,.F.);
#357=ORIENTED_EDGE('',*,*,#825,.F.);
#358=ORIENTED_EDGE('',*,*,#826,.F.);
#359=ORIENTED_EDGE('',*,*,#827,.F.);
#360=ORIENTED_EDGE('',*,*,#828,.F.);
#361=ORIENTED_EDGE('',*,*,#829,.F.);
#362=ORIENTED_EDGE('',*,*,#830,.F.);
#363=ORIENTED_EDGE('',*,*,#831,.F.);
#364=ORIENTED_EDGE('',*,*,#832,.F.);
#365=ORIENTED_EDGE('',*,*,#833,.F.);
#366=ORIENTED_EDGE('',*,*,#834,.F.);
#367=ORIENTED_EDGE('',*,*,#835,.F.);
#368=ORIENTED_EDGE('',*,*,#836,.T.);
#369=ORIENTED_EDGE('',*,*,#837,.F.);
#370=ORIENTED_EDGE('',*,*,#838,.F.);
#371=ORIENTED_EDGE('',*,*,#839,.F.);
#372=ORIENTED_EDGE('',*,*,#840,.F.);
#373=ORIENTED_EDGE('',*,*,#841,.F.);
#374=ORIENTED_EDGE('',*,*,#842,.T.);
#375=ORIENTED_EDGE('',*,*,#843,.F.);
#376=ORIENTED_EDGE('',*,*,#844,.F.);
#377=ORIENTED_EDGE('',*,*,#845,.F.);
#378=ORIENTED_EDGE('',*,*,#846,.F.);
#379=ORIENTED_EDGE('',*,*,#847,.F.);
#380=ORIENTED_EDGE('',*,*,#848,.T.);
#381=ORIENTED_EDGE('',*,*,#849,.F.);
#382=ORIENTED_EDGE('',*,*,#850,.F.);
#383=ORIENTED_EDGE('',*,*,#851,.F.);
#384=ORIENTED_EDGE('',*,*,#852,.F.);
#385=ORIENTED_EDGE('',*,*,#853,.F.);
#386=ORIENTED_EDGE('',*,*,#854,.T.);
#387=ORIENTED_EDGE('',*,*,#855,.F.);
#388=ORIENTED_EDGE('',*,*,#856,.F.);
#389=ORIENTED_EDGE('',*,*,#857,.F.);
#390=ORIENTED_EDGE('',*,*,#858,.F.);
#391=ORIENTED_EDGE('',*,*,#859,.F.);
#392=ORIENTED_EDGE('',*,*,#816,.T.);
#393=ORIENTED_EDGE('',*,*,#860,.T.);
#394=ORIENTED_EDGE('',*,*,#861,.F.);
#395=ORIENTED_EDGE('',*,*,#862,.F.);
#396=ORIENTED_EDGE('',*,*,#822,.T.);
#397=ORIENTED_EDGE('',*,*,#863,.T.);
#398=ORIENTED_EDGE('',*,*,#864,.F.);
#399=ORIENTED_EDGE('',*,*,#865,.F.);
#400=ORIENTED_EDGE('',*,*,#828,.T.);
#401=ORIENTED_EDGE('',*,*,#866,.T.);
#402=ORIENTED_EDGE('',*,*,#867,.F.);
#403=ORIENTED_EDGE('',*,*,#868,.F.);
#404=ORIENTED_EDGE('',*,*,#834,.T.);
#405=ORIENTED_EDGE('',*,*,#869,.T.);
#406=ORIENTED_EDGE('',*,*,#870,.F.);
#407=ORIENTED_EDGE('',*,*,#871,.F.);
#408=ORIENTED_EDGE('',*,*,#861,.T.);
#409=ORIENTED_EDGE('',*,*,#872,.F.);
#410=ORIENTED_EDGE('',*,*,#873,.F.);
#411=ORIENTED_EDGE('',*,*,#874,.F.);
#412=ORIENTED_EDGE('',*,*,#875,.F.);
#413=ORIENTED_EDGE('',*,*,#876,.F.);
#414=ORIENTED_EDGE('',*,*,#864,.T.);
#415=ORIENTED_EDGE('',*,*,#877,.F.);
#416=ORIENTED_EDGE('',*,*,#878,.F.);
#417=ORIENTED_EDGE('',*,*,#879,.F.);
#418=ORIENTED_EDGE('',*,*,#880,.F.);
#419=ORIENTED_EDGE('',*,*,#881,.F.);
#420=ORIENTED_EDGE('',*,*,#867,.T.);
#421=ORIENTED_EDGE('',*,*,#882,.F.);
#422=ORIENTED_EDGE('',*,*,#883,.F.);
#423=ORIENTED_EDGE('',*,*,#884,.F.);
#424=ORIENTED_EDGE('',*,*,#885,.F.);
#425=ORIENTED_EDGE('',*,*,#886,.F.);
#426=ORIENTED_EDGE('',*,*,#870,.T.);
#427=ORIENTED_EDGE('',*,*,#887,.F.);
#428=ORIENTED_EDGE('',*,*,#888,.F.);
#429=ORIENTED_EDGE('',*,*,#889,.F.);
#430=ORIENTED_EDGE('',*,*,#890,.F.);
#431=ORIENTED_EDGE('',*,*,#891,.F.);
#432=ORIENTED_EDGE('',*,*,#892,.F.);
#433=ORIENTED_EDGE('',*,*,#893,.T.);
#434=ORIENTED_EDGE('',*,*,#894,.F.);
#435=ORIENTED_EDGE('',*,*,#895,.F.);
#436=ORIENTED_EDGE('',*,*,#896,.F.);
#437=ORIENTED_EDGE('',*,*,#897,.F.);
#438=ORIENTED_EDGE('',*,*,#898,.F.);
#439=ORIENTED_EDGE('',*,*,#899,.T.);
#440=ORIENTED_EDGE('',*,*,#900,.F.);
#441=ORIENTED_EDGE('',*,*,#901,.F.);
#442=ORIENTED_EDGE('',*,*,#902,.F.);
#443=ORIENTED_EDGE('',*,*,#903,.F.);
#444=ORIENTED_EDGE('',*,*,#904,.F.);
#445=ORIENTED_EDGE('',*,*,#905,.T.);
#446=ORIENTED_EDGE('',*,*,#906,.F.);
#447=ORIENTED_EDGE('',*,*,#907,.F.);
#448=ORIENTED_EDGE('',*,*,#908,.F.);
#449=ORIENTED_EDGE('',*,*,#909,.F.);
#450=ORIENTED_EDGE('',*,*,#910,.F.);
#451=ORIENTED_EDGE('',*,*,#911,.T.);
#452=ORIENTED_EDGE('',*,*,#912,.F.);
#453=ORIENTED_EDGE('',*,*,#913,.F.);
#454=ORIENTED_EDGE('',*,*,#914,.F.);
#455=ORIENTED_EDGE('',*,*,#915,.F.);
#456=ORIENTED_EDGE('',*,*,#896,.T.);
#457=ORIENTED_EDGE('',*,*,#916,.T.);
#458=ORIENTED_EDGE('',*,*,#836,.F.);
#459=ORIENTED_EDGE('',*,*,#917,.F.);
#460=ORIENTED_EDGE('',*,*,#902,.T.);
#461=ORIENTED_EDGE('',*,*,#918,.T.);
#462=ORIENTED_EDGE('',*,*,#842,.F.);
#463=ORIENTED_EDGE('',*,*,#919,.F.);
#464=ORIENTED_EDGE('',*,*,#908,.T.);
#465=ORIENTED_EDGE('',*,*,#920,.T.);
#466=ORIENTED_EDGE('',*,*,#848,.F.);
#467=ORIENTED_EDGE('',*,*,#921,.F.);
#468=ORIENTED_EDGE('',*,*,#914,.T.);
#469=ORIENTED_EDGE('',*,*,#922,.T.);
#470=ORIENTED_EDGE('',*,*,#854,.F.);
#471=ORIENTED_EDGE('',*,*,#856,.T.);
#472=ORIENTED_EDGE('',*,*,#923,.F.);
#473=ORIENTED_EDGE('',*,*,#912,.T.);
#474=ORIENTED_EDGE('',*,*,#924,.T.);
#475=ORIENTED_EDGE('',*,*,#888,.T.);
#476=ORIENTED_EDGE('',*,*,#925,.T.);
#477=ORIENTED_EDGE('',*,*,#832,.T.);
#478=ORIENTED_EDGE('',*,*,#926,.T.);
#479=ORIENTED_EDGE('',*,*,#892,.T.);
#480=ORIENTED_EDGE('',*,*,#927,.T.);
#481=ORIENTED_EDGE('',*,*,#840,.T.);
#482=ORIENTED_EDGE('',*,*,#928,.F.);
#483=ORIENTED_EDGE('',*,*,#812,.T.);
#484=ORIENTED_EDGE('',*,*,#929,.T.);
#485=ORIENTED_EDGE('',*,*,#875,.T.);
#486=ORIENTED_EDGE('',*,*,#930,.F.);
#487=ORIENTED_EDGE('',*,*,#850,.T.);
#488=ORIENTED_EDGE('',*,*,#931,.F.);
#489=ORIENTED_EDGE('',*,*,#906,.T.);
#490=ORIENTED_EDGE('',*,*,#932,.T.);
#491=ORIENTED_EDGE('',*,*,#910,.T.);
#492=ORIENTED_EDGE('',*,*,#933,.T.);
#493=ORIENTED_EDGE('',*,*,#858,.T.);
#494=ORIENTED_EDGE('',*,*,#934,.F.);
#495=ORIENTED_EDGE('',*,*,#844,.T.);
#496=ORIENTED_EDGE('',*,*,#935,.F.);
#497=ORIENTED_EDGE('',*,*,#900,.T.);
#498=ORIENTED_EDGE('',*,*,#936,.T.);
#499=ORIENTED_EDGE('',*,*,#904,.T.);
#500=ORIENTED_EDGE('',*,*,#937,.T.);
#501=ORIENTED_EDGE('',*,*,#852,.T.);
#502=ORIENTED_EDGE('',*,*,#938,.F.);
#503=ORIENTED_EDGE('',*,*,#838,.T.);
#504=ORIENTED_EDGE('',*,*,#939,.F.);
#505=ORIENTED_EDGE('',*,*,#894,.T.);
#506=ORIENTED_EDGE('',*,*,#940,.T.);
#507=ORIENTED_EDGE('',*,*,#898,.T.);
#508=ORIENTED_EDGE('',*,*,#941,.T.);
#509=ORIENTED_EDGE('',*,*,#846,.T.);
#510=ORIENTED_EDGE('',*,*,#942,.F.);
#511=ORIENTED_EDGE('',*,*,#830,.T.);
#512=ORIENTED_EDGE('',*,*,#943,.T.);
#513=ORIENTED_EDGE('',*,*,#890,.T.);
#514=ORIENTED_EDGE('',*,*,#944,.F.);
#515=ORIENTED_EDGE('',*,*,#883,.T.);
#516=ORIENTED_EDGE('',*,*,#945,.T.);
#517=ORIENTED_EDGE('',*,*,#826,.T.);
#518=ORIENTED_EDGE('',*,*,#946,.T.);
#519=ORIENTED_EDGE('',*,*,#824,.T.);
#520=ORIENTED_EDGE('',*,*,#947,.T.);
#521=ORIENTED_EDGE('',*,*,#885,.T.);
#522=ORIENTED_EDGE('',*,*,#948,.F.);
#523=ORIENTED_EDGE('',*,*,#878,.T.);
#524=ORIENTED_EDGE('',*,*,#949,.T.);
#525=ORIENTED_EDGE('',*,*,#820,.T.);
#526=ORIENTED_EDGE('',*,*,#950,.T.);
#527=ORIENTED_EDGE('',*,*,#873,.T.);
#528=ORIENTED_EDGE('',*,*,#951,.T.);
#529=ORIENTED_EDGE('',*,*,#814,.T.);
#530=ORIENTED_EDGE('',*,*,#952,.T.);
#531=ORIENTED_EDGE('',*,*,#818,.T.);
#532=ORIENTED_EDGE('',*,*,#953,.T.);
#533=ORIENTED_EDGE('',*,*,#880,.T.);
#534=ORIENTED_EDGE('',*,*,#954,.F.);
#535=ORIENTED_EDGE('',*,*,#955,.T.);
#536=ORIENTED_EDGE('',*,*,#956,.T.);
#537=ORIENTED_EDGE('',*,*,#957,.F.);
#538=ORIENTED_EDGE('',*,*,#958,.T.);
#539=ORIENTED_EDGE('',*,*,#959,.F.);
#540=ORIENTED_EDGE('',*,*,#960,.F.);
#541=ORIENTED_EDGE('',*,*,#961,.F.);
#542=ORIENTED_EDGE('',*,*,#962,.T.);
#543=ORIENTED_EDGE('',*,*,#961,.T.);
#544=ORIENTED_EDGE('',*,*,#963,.T.);
#545=ORIENTED_EDGE('',*,*,#958,.F.);
#546=ORIENTED_EDGE('',*,*,#964,.T.);
#547=ORIENTED_EDGE('',*,*,#813,.T.);
#548=ORIENTED_EDGE('',*,*,#930,.T.);
#549=ORIENTED_EDGE('',*,*,#874,.T.);
#550=ORIENTED_EDGE('',*,*,#952,.F.);
#551=ORIENTED_EDGE('',*,*,#819,.T.);
#552=ORIENTED_EDGE('',*,*,#954,.T.);
#553=ORIENTED_EDGE('',*,*,#879,.T.);
#554=ORIENTED_EDGE('',*,*,#950,.F.);
#555=ORIENTED_EDGE('',*,*,#825,.T.);
#556=ORIENTED_EDGE('',*,*,#948,.T.);
#557=ORIENTED_EDGE('',*,*,#884,.T.);
#558=ORIENTED_EDGE('',*,*,#946,.F.);
#559=ORIENTED_EDGE('',*,*,#831,.T.);
#560=ORIENTED_EDGE('',*,*,#944,.T.);
#561=ORIENTED_EDGE('',*,*,#889,.T.);
#562=ORIENTED_EDGE('',*,*,#926,.F.);
#563=ORIENTED_EDGE('',*,*,#928,.T.);
#564=ORIENTED_EDGE('',*,*,#839,.T.);
#565=ORIENTED_EDGE('',*,*,#940,.F.);
#566=ORIENTED_EDGE('',*,*,#893,.F.);
#567=ORIENTED_EDGE('',*,*,#965,.F.);
#568=ORIENTED_EDGE('',*,*,#956,.F.);
#569=ORIENTED_EDGE('',*,*,#966,.F.);
#570=ORIENTED_EDGE('',*,*,#959,.T.);
#571=ORIENTED_EDGE('',*,*,#845,.T.);
#572=ORIENTED_EDGE('',*,*,#936,.F.);
#573=ORIENTED_EDGE('',*,*,#899,.F.);
#574=ORIENTED_EDGE('',*,*,#942,.T.);
#575=ORIENTED_EDGE('',*,*,#851,.T.);
#576=ORIENTED_EDGE('',*,*,#932,.F.);
#577=ORIENTED_EDGE('',*,*,#905,.F.);
#578=ORIENTED_EDGE('',*,*,#938,.T.);
#579=ORIENTED_EDGE('',*,*,#934,.T.);
#580=ORIENTED_EDGE('',*,*,#857,.T.);
#581=ORIENTED_EDGE('',*,*,#924,.F.);
#582=ORIENTED_EDGE('',*,*,#911,.F.);
#583=ORIENTED_EDGE('',*,*,#965,.T.);
#584=ORIENTED_EDGE('',*,*,#962,.F.);
#585=ORIENTED_EDGE('',*,*,#964,.F.);
#586=ORIENTED_EDGE('',*,*,#957,.T.);
#587=ORIENTED_EDGE('',*,*,#966,.T.);
#588=ORIENTED_EDGE('',*,*,#955,.F.);
#589=ORIENTED_EDGE('',*,*,#963,.F.);
#590=ORIENTED_EDGE('',*,*,#960,.T.);
#591=ORIENTED_EDGE('',*,*,#817,.T.);
#592=ORIENTED_EDGE('',*,*,#862,.T.);
#593=ORIENTED_EDGE('',*,*,#876,.T.);
#594=ORIENTED_EDGE('',*,*,#953,.F.);
#595=ORIENTED_EDGE('',*,*,#815,.T.);
#596=ORIENTED_EDGE('',*,*,#951,.F.);
#597=ORIENTED_EDGE('',*,*,#872,.T.);
#598=ORIENTED_EDGE('',*,*,#860,.F.);
#599=ORIENTED_EDGE('',*,*,#821,.T.);
#600=ORIENTED_EDGE('',*,*,#949,.F.);
#601=ORIENTED_EDGE('',*,*,#877,.T.);
#602=ORIENTED_EDGE('',*,*,#863,.F.);
#603=ORIENTED_EDGE('',*,*,#823,.T.);
#604=ORIENTED_EDGE('',*,*,#865,.T.);
#605=ORIENTED_EDGE('',*,*,#881,.T.);
#606=ORIENTED_EDGE('',*,*,#947,.F.);
#607=ORIENTED_EDGE('',*,*,#827,.T.);
#608=ORIENTED_EDGE('',*,*,#945,.F.);
#609=ORIENTED_EDGE('',*,*,#882,.T.);
#610=ORIENTED_EDGE('',*,*,#866,.F.);
#611=ORIENTED_EDGE('',*,*,#829,.T.);
#612=ORIENTED_EDGE('',*,*,#868,.T.);
#613=ORIENTED_EDGE('',*,*,#886,.T.);
#614=ORIENTED_EDGE('',*,*,#943,.F.);
#615=ORIENTED_EDGE('',*,*,#841,.T.);
#616=ORIENTED_EDGE('',*,*,#941,.F.);
#617=ORIENTED_EDGE('',*,*,#897,.T.);
#618=ORIENTED_EDGE('',*,*,#917,.T.);
#619=ORIENTED_EDGE('',*,*,#837,.T.);
#620=ORIENTED_EDGE('',*,*,#916,.F.);
#621=ORIENTED_EDGE('',*,*,#895,.T.);
#622=ORIENTED_EDGE('',*,*,#939,.T.);
#623=ORIENTED_EDGE('',*,*,#847,.T.);
#624=ORIENTED_EDGE('',*,*,#937,.F.);
#625=ORIENTED_EDGE('',*,*,#903,.T.);
#626=ORIENTED_EDGE('',*,*,#919,.T.);
#627=ORIENTED_EDGE('',*,*,#843,.T.);
#628=ORIENTED_EDGE('',*,*,#918,.F.);
#629=ORIENTED_EDGE('',*,*,#901,.T.);
#630=ORIENTED_EDGE('',*,*,#935,.T.);
#631=ORIENTED_EDGE('',*,*,#853,.T.);
#632=ORIENTED_EDGE('',*,*,#933,.F.);
#633=ORIENTED_EDGE('',*,*,#909,.T.);
#634=ORIENTED_EDGE('',*,*,#921,.T.);
#635=ORIENTED_EDGE('',*,*,#849,.T.);
#636=ORIENTED_EDGE('',*,*,#920,.F.);
#637=ORIENTED_EDGE('',*,*,#907,.T.);
#638=ORIENTED_EDGE('',*,*,#931,.T.);
#639=ORIENTED_EDGE('',*,*,#811,.T.);
#640=ORIENTED_EDGE('',*,*,#859,.T.);
#641=ORIENTED_EDGE('',*,*,#871,.T.);
#642=ORIENTED_EDGE('',*,*,#929,.F.);
#643=ORIENTED_EDGE('',*,*,#835,.T.);
#644=ORIENTED_EDGE('',*,*,#927,.F.);
#645=ORIENTED_EDGE('',*,*,#891,.T.);
#646=ORIENTED_EDGE('',*,*,#915,.T.);
#647=ORIENTED_EDGE('',*,*,#833,.T.);
#648=ORIENTED_EDGE('',*,*,#925,.F.);
#649=ORIENTED_EDGE('',*,*,#887,.T.);
#650=ORIENTED_EDGE('',*,*,#869,.F.);
#651=ORIENTED_EDGE('',*,*,#855,.T.);
#652=ORIENTED_EDGE('',*,*,#922,.F.);
#653=ORIENTED_EDGE('',*,*,#913,.T.);
#654=ORIENTED_EDGE('',*,*,#923,.T.);
#655=EDGE_CURVE('',#967,#968,#1175,.T.);
#656=EDGE_CURVE('',#969,#967,#1176,.T.);
#657=EDGE_CURVE('',#970,#969,#1177,.T.);
#658=EDGE_CURVE('',#970,#971,#1178,.T.);
#659=EDGE_CURVE('',#972,#971,#1179,.T.);
#660=EDGE_CURVE('',#973,#972,#1180,.T.);
#661=EDGE_CURVE('',#974,#973,#1181,.T.);
#662=EDGE_CURVE('',#974,#975,#1182,.T.);
#663=EDGE_CURVE('',#976,#975,#1183,.T.);
#664=EDGE_CURVE('',#977,#976,#1184,.T.);
#665=EDGE_CURVE('',#978,#977,#1185,.T.);
#666=EDGE_CURVE('',#978,#979,#1186,.T.);
#667=EDGE_CURVE('',#980,#979,#1187,.T.);
#668=EDGE_CURVE('',#981,#980,#1188,.T.);
#669=EDGE_CURVE('',#982,#981,#1189,.T.);
#670=EDGE_CURVE('',#982,#983,#1190,.T.);
#671=EDGE_CURVE('',#984,#983,#1191,.T.);
#672=EDGE_CURVE('',#985,#984,#1192,.T.);
#673=EDGE_CURVE('',#985,#986,#1193,.T.);
#674=EDGE_CURVE('',#986,#968,#1194,.T.);
#675=EDGE_CURVE('',#987,#988,#1195,.T.);
#676=EDGE_CURVE('',#987,#989,#1196,.T.);
#677=EDGE_CURVE('',#990,#989,#1197,.T.);
#678=EDGE_CURVE('',#991,#990,#1198,.T.);
#679=EDGE_CURVE('',#991,#992,#1199,.T.);
#680=EDGE_CURVE('',#992,#993,#1200,.T.);
#681=EDGE_CURVE('',#994,#993,#1201,.T.);
#682=EDGE_CURVE('',#995,#994,#1202,.T.);
#683=EDGE_CURVE('',#996,#995,#1203,.T.);
#684=EDGE_CURVE('',#996,#997,#1204,.T.);
#685=EDGE_CURVE('',#998,#997,#1205,.T.);
#686=EDGE_CURVE('',#999,#998,#1206,.T.);
#687=EDGE_CURVE('',#1000,#999,#1207,.T.);
#688=EDGE_CURVE('',#1000,#1001,#1208,.T.);
#689=EDGE_CURVE('',#1002,#1001,#1209,.T.);
#690=EDGE_CURVE('',#1003,#1002,#1210,.T.);
#691=EDGE_CURVE('',#1004,#1003,#1211,.T.);
#692=EDGE_CURVE('',#1004,#1005,#1212,.T.);
#693=EDGE_CURVE('',#1006,#1005,#1213,.T.);
#694=EDGE_CURVE('',#988,#1006,#1214,.T.);
#695=EDGE_CURVE('',#1007,#1008,#1215,.T.);
#696=EDGE_CURVE('',#1008,#1009,#1216,.T.);
#697=EDGE_CURVE('',#1010,#1009,#1217,.T.);
#698=EDGE_CURVE('',#1010,#1007,#1218,.T.);
#699=EDGE_CURVE('',#1009,#1011,#1219,.T.);
#700=EDGE_CURVE('',#1012,#1011,#1220,.T.);
#701=EDGE_CURVE('',#1012,#1010,#1221,.T.);
#702=EDGE_CURVE('',#1011,#1013,#1222,.T.);
#703=EDGE_CURVE('',#1014,#1013,#1223,.T.);
#704=EDGE_CURVE('',#1014,#1012,#1224,.T.);
#705=EDGE_CURVE('',#1015,#1016,#1225,.T.);
#706=EDGE_CURVE('',#1016,#1017,#1226,.T.);
#707=EDGE_CURVE('',#1018,#1017,#1227,.T.);
#708=EDGE_CURVE('',#1018,#1015,#1228,.T.);
#709=EDGE_CURVE('',#1017,#1019,#1229,.T.);
#710=EDGE_CURVE('',#1020,#1019,#1230,.T.);
#711=EDGE_CURVE('',#1020,#1018,#1231,.T.);
#712=EDGE_CURVE('',#1019,#1021,#1232,.T.);
#713=EDGE_CURVE('',#1022,#1021,#1233,.T.);
#714=EDGE_CURVE('',#1022,#1020,#1234,.T.);
#715=EDGE_CURVE('',#1023,#1024,#1235,.T.);
#716=EDGE_CURVE('',#1024,#1025,#1236,.T.);
#717=EDGE_CURVE('',#1026,#1025,#1237,.T.);
#718=EDGE_CURVE('',#1026,#1023,#1238,.T.);
#719=EDGE_CURVE('',#1025,#1027,#1239,.T.);
#720=EDGE_CURVE('',#1028,#1027,#1240,.T.);
#721=EDGE_CURVE('',#1028,#1026,#1241,.T.);
#722=EDGE_CURVE('',#1027,#1029,#1242,.T.);
#723=EDGE_CURVE('',#1030,#1029,#1243,.T.);
#724=EDGE_CURVE('',#1030,#1028,#1244,.T.);
#725=EDGE_CURVE('',#1031,#1032,#1245,.T.);
#726=EDGE_CURVE('',#1032,#1033,#1246,.T.);
#727=EDGE_CURVE('',#1034,#1033,#1247,.T.);
#728=EDGE_CURVE('',#1034,#1031,#1248,.T.);
#729=EDGE_CURVE('',#1033,#1035,#1249,.T.);
#730=EDGE_CURVE('',#1036,#1035,#1250,.T.);
#731=EDGE_CURVE('',#1036,#1034,#1251,.T.);
#732=EDGE_CURVE('',#1035,#1037,#1252,.T.);
#733=EDGE_CURVE('',#1038,#1037,#1253,.T.);
#734=EDGE_CURVE('',#1038,#1036,#1254,.T.);
#735=EDGE_CURVE('',#1039,#1040,#1255,.T.);
#736=EDGE_CURVE('',#1040,#1041,#1256,.T.);
#737=EDGE_CURVE('',#1042,#1041,#1257,.T.);
#738=EDGE_CURVE('',#1042,#1039,#1258,.T.);
#739=EDGE_CURVE('',#1041,#1043,#1259,.T.);
#740=EDGE_CURVE('',#1044,#1043,#1260,.T.);
#741=EDGE_CURVE('',#1044,#1042,#1261,.T.);
#742=EDGE_CURVE('',#1043,#1045,#1262,.T.);
#743=EDGE_CURVE('',#1046,#1045,#1263,.T.);
#744=EDGE_CURVE('',#1046,#1044,#1264,.T.);
#745=EDGE_CURVE('',#1047,#1048,#1265,.T.);
#746=EDGE_CURVE('',#1048,#1049,#1266,.T.);
#747=EDGE_CURVE('',#1050,#1049,#1267,.T.);
#748=EDGE_CURVE('',#1050,#1047,#1268,.T.);
#749=EDGE_CURVE('',#1049,#1051,#1269,.T.);
#750=EDGE_CURVE('',#1052,#1051,#1270,.T.);
#751=EDGE_CURVE('',#1052,#1050,#1271,.T.);
#752=EDGE_CURVE('',#1051,#1053,#1272,.T.);
#753=EDGE_CURVE('',#1054,#1053,#1273,.T.);
#754=EDGE_CURVE('',#1054,#1052,#1274,.T.);
#755=EDGE_CURVE('',#1055,#1056,#1275,.T.);
#756=EDGE_CURVE('',#1056,#1057,#1276,.T.);
#757=EDGE_CURVE('',#1058,#1057,#1277,.T.);
#758=EDGE_CURVE('',#1058,#1055,#1278,.T.);
#759=EDGE_CURVE('',#1057,#1059,#1279,.T.);
#760=EDGE_CURVE('',#1060,#1059,#1280,.T.);
#761=EDGE_CURVE('',#1060,#1058,#1281,.T.);
#762=EDGE_CURVE('',#1059,#1061,#1282,.T.);
#763=EDGE_CURVE('',#1062,#1061,#1283,.T.);
#764=EDGE_CURVE('',#1062,#1060,#1284,.T.);
#765=EDGE_CURVE('',#1063,#1064,#1285,.T.);
#766=EDGE_CURVE('',#1064,#1065,#1286,.T.);
#767=EDGE_CURVE('',#1066,#1065,#1287,.T.);
#768=EDGE_CURVE('',#1066,#1063,#1288,.T.);
#769=EDGE_CURVE('',#1065,#1067,#1289,.T.);
#770=EDGE_CURVE('',#1068,#1067,#1290,.T.);
#771=EDGE_CURVE('',#1068,#1066,#1291,.T.);
#772=EDGE_CURVE('',#1067,#1069,#1292,.T.);
#773=EDGE_CURVE('',#1070,#1069,#1293,.T.);
#774=EDGE_CURVE('',#1070,#1068,#1294,.T.);
#775=EDGE_CURVE('',#1013,#1008,#1295,.T.);
#776=EDGE_CURVE('',#1007,#1014,#1296,.T.);
#777=EDGE_CURVE('',#1021,#1016,#1297,.T.);
#778=EDGE_CURVE('',#1015,#1022,#1298,.T.);
#779=EDGE_CURVE('',#1029,#1024,#1299,.T.);
#780=EDGE_CURVE('',#1023,#1030,#1300,.T.);
#781=EDGE_CURVE('',#1037,#1032,#1301,.T.);
#782=EDGE_CURVE('',#1031,#1038,#1302,.T.);
#783=EDGE_CURVE('',#1045,#1040,#1303,.T.);
#784=EDGE_CURVE('',#1039,#1046,#1304,.T.);
#785=EDGE_CURVE('',#1053,#1048,#1305,.T.);
#786=EDGE_CURVE('',#1047,#1054,#1306,.T.);
#787=EDGE_CURVE('',#1061,#1056,#1307,.T.);
#788=EDGE_CURVE('',#1055,#1062,#1308,.T.);
#789=EDGE_CURVE('',#1069,#1064,#1309,.T.);
#790=EDGE_CURVE('',#1063,#1070,#1310,.T.);
#791=EDGE_CURVE('',#993,#982,#1311,.T.);
#792=EDGE_CURVE('',#983,#992,#1312,.T.);
#793=EDGE_CURVE('',#968,#987,#1313,.T.);
#794=EDGE_CURVE('',#989,#986,#1314,.T.);
#795=EDGE_CURVE('',#1005,#970,#1315,.T.);
#796=EDGE_CURVE('',#971,#1004,#1316,.T.);
#797=EDGE_CURVE('',#1001,#974,#1317,.T.);
#798=EDGE_CURVE('',#975,#1000,#1318,.T.);
#799=EDGE_CURVE('',#997,#978,#1319,.T.);
#800=EDGE_CURVE('',#979,#996,#1320,.T.);
#801=EDGE_CURVE('',#984,#991,#1321,.T.);
#802=EDGE_CURVE('',#990,#985,#1322,.T.);
#803=EDGE_CURVE('',#995,#980,#1323,.T.);
#804=EDGE_CURVE('',#994,#981,#1324,.T.);
#805=EDGE_CURVE('',#999,#976,#1325,.T.);
#806=EDGE_CURVE('',#998,#977,#1326,.T.);
#807=EDGE_CURVE('',#1003,#972,#1327,.T.);
#808=EDGE_CURVE('',#1002,#973,#1328,.T.);
#809=EDGE_CURVE('',#988,#967,#1329,.T.);
#810=EDGE_CURVE('',#1006,#969,#1330,.T.);
#811=EDGE_CURVE('',#1071,#1072,#1331,.T.);
#812=EDGE_CURVE('',#1073,#1071,#1332,.T.);
#813=EDGE_CURVE('',#1074,#1073,#1333,.T.);
#814=EDGE_CURVE('',#1075,#1074,#1334,.T.);
#815=EDGE_CURVE('',#1076,#1075,#1335,.T.);
#816=EDGE_CURVE('',#1072,#1076,#1336,.T.);
#817=EDGE_CURVE('',#1077,#1078,#1337,.T.);
#818=EDGE_CURVE('',#1079,#1077,#1338,.T.);
#819=EDGE_CURVE('',#1080,#1079,#1339,.T.);
#820=EDGE_CURVE('',#1081,#1080,#1340,.T.);
#821=EDGE_CURVE('',#1082,#1081,#1341,.T.);
#822=EDGE_CURVE('',#1078,#1082,#1342,.T.);
#823=EDGE_CURVE('',#1083,#1084,#1343,.T.);
#824=EDGE_CURVE('',#1085,#1083,#1344,.T.);
#825=EDGE_CURVE('',#1086,#1085,#1345,.T.);
#826=EDGE_CURVE('',#1087,#1086,#1346,.T.);
#827=EDGE_CURVE('',#1088,#1087,#1347,.T.);
#828=EDGE_CURVE('',#1084,#1088,#1348,.T.);
#829=EDGE_CURVE('',#1089,#1090,#1349,.T.);
#830=EDGE_CURVE('',#1091,#1089,#1350,.T.);
#831=EDGE_CURVE('',#1092,#1091,#1351,.T.);
#832=EDGE_CURVE('',#1093,#1092,#1352,.T.);
#833=EDGE_CURVE('',#1094,#1093,#1353,.T.);
#834=EDGE_CURVE('',#1090,#1094,#1354,.T.);
#835=EDGE_CURVE('',#1095,#1096,#1355,.T.);
#836=EDGE_CURVE('',#1095,#1097,#1356,.T.);
#837=EDGE_CURVE('',#1098,#1097,#1357,.T.);
#838=EDGE_CURVE('',#1099,#1098,#1358,.T.);
#839=EDGE_CURVE('',#1100,#1099,#1359,.T.);
#840=EDGE_CURVE('',#1096,#1100,#1360,.T.);
#841=EDGE_CURVE('',#1101,#1102,#1361,.T.);
#842=EDGE_CURVE('',#1101,#1103,#1362,.T.);
#843=EDGE_CURVE('',#1104,#1103,#1363,.T.);
#844=EDGE_CURVE('',#1105,#1104,#1364,.T.);
#845=EDGE_CURVE('',#1106,#1105,#1365,.T.);
#846=EDGE_CURVE('',#1102,#1106,#1366,.T.);
#847=EDGE_CURVE('',#1107,#1108,#1367,.T.);
#848=EDGE_CURVE('',#1107,#1109,#1368,.T.);
#849=EDGE_CURVE('',#1110,#1109,#1369,.T.);
#850=EDGE_CURVE('',#1111,#1110,#1370,.T.);
#851=EDGE_CURVE('',#1112,#1111,#1371,.T.);
#852=EDGE_CURVE('',#1108,#1112,#1372,.T.);
#853=EDGE_CURVE('',#1113,#1114,#1373,.T.);
#854=EDGE_CURVE('',#1113,#1115,#1374,.T.);
#855=EDGE_CURVE('',#1116,#1115,#1375,.T.);
#856=EDGE_CURVE('',#1117,#1116,#1376,.T.);
#857=EDGE_CURVE('',#1118,#1117,#1377,.T.);
#858=EDGE_CURVE('',#1114,#1118,#1378,.T.);
#859=EDGE_CURVE('',#1072,#1119,#1379,.T.);
#860=EDGE_CURVE('',#1076,#1120,#1380,.T.);
#861=EDGE_CURVE('',#1119,#1120,#1381,.T.);
#862=EDGE_CURVE('',#1078,#1121,#1382,.T.);
#863=EDGE_CURVE('',#1082,#1122,#1383,.T.);
#864=EDGE_CURVE('',#1121,#1122,#1384,.T.);
#865=EDGE_CURVE('',#1084,#1123,#1385,.T.);
#866=EDGE_CURVE('',#1088,#1124,#1386,.T.);
#867=EDGE_CURVE('',#1123,#1124,#1387,.T.);
#868=EDGE_CURVE('',#1090,#1125,#1388,.T.);
#869=EDGE_CURVE('',#1094,#1126,#1389,.T.);
#870=EDGE_CURVE('',#1125,#1126,#1390,.T.);
#871=EDGE_CURVE('',#1119,#1127,#1391,.T.);
#872=EDGE_CURVE('',#1128,#1120,#1392,.T.);
#873=EDGE_CURVE('',#1129,#1128,#1393,.T.);
#874=EDGE_CURVE('',#1130,#1129,#1394,.T.);
#875=EDGE_CURVE('',#1127,#1130,#1395,.T.);
#876=EDGE_CURVE('',#1121,#1131,#1396,.T.);
#877=EDGE_CURVE('',#1132,#1122,#1397,.T.);
#878=EDGE_CURVE('',#1133,#1132,#1398,.T.);
#879=EDGE_CURVE('',#1134,#1133,#1399,.T.);
#880=EDGE_CURVE('',#1131,#1134,#1400,.T.);
#881=EDGE_CURVE('',#1123,#1135,#1401,.T.);
#882=EDGE_CURVE('',#1136,#1124,#1402,.T.);
#883=EDGE_CURVE('',#1137,#1136,#1403,.T.);
#884=EDGE_CURVE('',#1138,#1137,#1404,.T.);
#885=EDGE_CURVE('',#1135,#1138,#1405,.T.);
#886=EDGE_CURVE('',#1125,#1139,#1406,.T.);
#887=EDGE_CURVE('',#1140,#1126,#1407,.T.);
#888=EDGE_CURVE('',#1141,#1140,#1408,.T.);
#889=EDGE_CURVE('',#1142,#1141,#1409,.T.);
#890=EDGE_CURVE('',#1139,#1142,#1410,.T.);
#891=EDGE_CURVE('',#1143,#1144,#1411,.T.);
#892=EDGE_CURVE('',#1145,#1143,#1412,.T.);
#893=EDGE_CURVE('',#1145,#1146,#1413,.T.);
#894=EDGE_CURVE('',#1147,#1146,#1414,.T.);
#895=EDGE_CURVE('',#1148,#1147,#1415,.T.);
#896=EDGE_CURVE('',#1144,#1148,#1416,.T.);
#897=EDGE_CURVE('',#1149,#1150,#1417,.T.);
#898=EDGE_CURVE('',#1151,#1149,#1418,.T.);
#899=EDGE_CURVE('',#1151,#1152,#1419,.T.);
#900=EDGE_CURVE('',#1153,#1152,#1420,.T.);
#901=EDGE_CURVE('',#1154,#1153,#1421,.T.);
#902=EDGE_CURVE('',#1150,#1154,#1422,.T.);
#903=EDGE_CURVE('',#1155,#1156,#1423,.T.);
#904=EDGE_CURVE('',#1157,#1155,#1424,.T.);
#905=EDGE_CURVE('',#1157,#1158,#1425,.T.);
#906=EDGE_CURVE('',#1159,#1158,#1426,.T.);
#907=EDGE_CURVE('',#1160,#1159,#1427,.T.);
#908=EDGE_CURVE('',#1156,#1160,#1428,.T.);
#909=EDGE_CURVE('',#1161,#1162,#1429,.T.);
#910=EDGE_CURVE('',#1163,#1161,#1430,.T.);
#911=EDGE_CURVE('',#1163,#1164,#1431,.T.);
#912=EDGE_CURVE('',#1165,#1164,#1432,.T.);
#913=EDGE_CURVE('',#1166,#1165,#1433,.T.);
#914=EDGE_CURVE('',#1162,#1166,#1434,.T.);
#915=EDGE_CURVE('',#1144,#1095,#1435,.T.);
#916=EDGE_CURVE('',#1148,#1097,#1436,.T.);
#917=EDGE_CURVE('',#1150,#1101,#1437,.T.);
#918=EDGE_CURVE('',#1154,#1103,#1438,.T.);
#919=EDGE_CURVE('',#1156,#1107,#1439,.T.);
#920=EDGE_CURVE('',#1160,#1109,#1440,.T.);
#921=EDGE_CURVE('',#1162,#1113,#1441,.T.);
#922=EDGE_CURVE('',#1166,#1115,#1442,.T.);
#923=EDGE_CURVE('',#1165,#1116,#1443,.T.);
#924=EDGE_CURVE('',#1164,#1117,#1444,.T.);
#925=EDGE_CURVE('',#1140,#1093,#1445,.T.);
#926=EDGE_CURVE('',#1092,#1141,#1446,.T.);
#927=EDGE_CURVE('',#1143,#1096,#1447,.T.);
#928=EDGE_CURVE('',#1145,#1100,#1448,.T.);
#929=EDGE_CURVE('',#1071,#1127,#1449,.T.);
#930=EDGE_CURVE('',#1073,#1130,#1450,.T.);
#931=EDGE_CURVE('',#1159,#1110,#1451,.T.);
#932=EDGE_CURVE('',#1158,#1111,#1452,.T.);
#933=EDGE_CURVE('',#1161,#1114,#1453,.T.);
#934=EDGE_CURVE('',#1163,#1118,#1454,.T.);
#935=EDGE_CURVE('',#1153,#1104,#1455,.T.);
#936=EDGE_CURVE('',#1152,#1105,#1456,.T.);
#937=EDGE_CURVE('',#1155,#1108,#1457,.T.);
#938=EDGE_CURVE('',#1157,#1112,#1458,.T.);
#939=EDGE_CURVE('',#1147,#1098,#1459,.T.);
#940=EDGE_CURVE('',#1146,#1099,#1460,.T.);
#941=EDGE_CURVE('',#1149,#1102,#1461,.T.);
#942=EDGE_CURVE('',#1151,#1106,#1462,.T.);
#943=EDGE_CURVE('',#1089,#1139,#1463,.T.);
#944=EDGE_CURVE('',#1091,#1142,#1464,.T.);
#945=EDGE_CURVE('',#1136,#1087,#1465,.T.);
#946=EDGE_CURVE('',#1086,#1137,#1466,.T.);
#947=EDGE_CURVE('',#1083,#1135,#1467,.T.);
#948=EDGE_CURVE('',#1085,#1138,#1468,.T.);
#949=EDGE_CURVE('',#1132,#1081,#1469,.T.);
#950=EDGE_CURVE('',#1080,#1133,#1470,.T.);
#951=EDGE_CURVE('',#1128,#1075,#1471,.T.);
#952=EDGE_CURVE('',#1074,#1129,#1472,.T.);
#953=EDGE_CURVE('',#1077,#1131,#1473,.T.);
#954=EDGE_CURVE('',#1079,#1134,#1474,.T.);
#955=EDGE_CURVE('',#1167,#1168,#1475,.T.);
#956=EDGE_CURVE('',#1168,#1169,#1476,.T.);
#957=EDGE_CURVE('',#1170,#1169,#1477,.T.);
#958=EDGE_CURVE('',#1170,#1167,#1478,.T.);
#959=EDGE_CURVE('',#1171,#1172,#1479,.T.);
#960=EDGE_CURVE('',#1173,#1171,#1480,.T.);
#961=EDGE_CURVE('',#1174,#1173,#1481,.T.);
#962=EDGE_CURVE('',#1174,#1172,#1482,.T.);
#963=EDGE_CURVE('',#1173,#1167,#1483,.T.);
#964=EDGE_CURVE('',#1170,#1174,#1484,.T.);
#965=EDGE_CURVE('',#1169,#1172,#1485,.T.);
#966=EDGE_CURVE('',#1171,#1168,#1486,.T.);
#967=VERTEX_POINT('',#3008);
#968=VERTEX_POINT('',#3009);
#969=VERTEX_POINT('',#3011);
#970=VERTEX_POINT('',#3013);
#971=VERTEX_POINT('',#3015);
#972=VERTEX_POINT('',#3017);
#973=VERTEX_POINT('',#3019);
#974=VERTEX_POINT('',#3021);
#975=VERTEX_POINT('',#3023);
#976=VERTEX_POINT('',#3025);
#977=VERTEX_POINT('',#3027);
#978=VERTEX_POINT('',#3029);
#979=VERTEX_POINT('',#3031);
#980=VERTEX_POINT('',#3033);
#981=VERTEX_POINT('',#3035);
#982=VERTEX_POINT('',#3037);
#983=VERTEX_POINT('',#3039);
#984=VERTEX_POINT('',#3041);
#985=VERTEX_POINT('',#3043);
#986=VERTEX_POINT('',#3045);
#987=VERTEX_POINT('',#3049);
#988=VERTEX_POINT('',#3050);
#989=VERTEX_POINT('',#3052);
#990=VERTEX_POINT('',#3054);
#991=VERTEX_POINT('',#3056);
#992=VERTEX_POINT('',#3058);
#993=VERTEX_POINT('',#3060);
#994=VERTEX_POINT('',#3062);
#995=VERTEX_POINT('',#3064);
#996=VERTEX_POINT('',#3066);
#997=VERTEX_POINT('',#3068);
#998=VERTEX_POINT('',#3070);
#999=VERTEX_POINT('',#3072);
#1000=VERTEX_POINT('',#3074);
#1001=VERTEX_POINT('',#3076);
#1002=VERTEX_POINT('',#3078);
#1003=VERTEX_POINT('',#3080);
#1004=VERTEX_POINT('',#3082);
#1005=VERTEX_POINT('',#3084);
#1006=VERTEX_POINT('',#3086);
#1007=VERTEX_POINT('',#3090);
#1008=VERTEX_POINT('',#3091);
#1009=VERTEX_POINT('',#3093);
#1010=VERTEX_POINT('',#3095);
#1011=VERTEX_POINT('',#3099);
#1012=VERTEX_POINT('',#3101);
#1013=VERTEX_POINT('',#3105);
#1014=VERTEX_POINT('',#3107);
#1015=VERTEX_POINT('',#3111);
#1016=VERTEX_POINT('',#3112);
#1017=VERTEX_POINT('',#3114);
#1018=VERTEX_POINT('',#3116);
#1019=VERTEX_POINT('',#3120);
#1020=VERTEX_POINT('',#3122);
#1021=VERTEX_POINT('',#3126);
#1022=VERTEX_POINT('',#3128);
#1023=VERTEX_POINT('',#3132);
#1024=VERTEX_POINT('',#3133);
#1025=VERTEX_POINT('',#3135);
#1026=VERTEX_POINT('',#3137);
#1027=VERTEX_POINT('',#3141);
#1028=VERTEX_POINT('',#3143);
#1029=VERTEX_POINT('',#3147);
#1030=VERTEX_POINT('',#3149);
#1031=VERTEX_POINT('',#3153);
#1032=VERTEX_POINT('',#3154);
#1033=VERTEX_POINT('',#3156);
#1034=VERTEX_POINT('',#3158);
#1035=VERTEX_POINT('',#3162);
#1036=VERTEX_POINT('',#3164);
#1037=VERTEX_POINT('',#3168);
#1038=VERTEX_POINT('',#3170);
#1039=VERTEX_POINT('',#3174);
#1040=VERTEX_POINT('',#3175);
#1041=VERTEX_POINT('',#3177);
#1042=VERTEX_POINT('',#3179);
#1043=VERTEX_POINT('',#3183);
#1044=VERTEX_POINT('',#3185);
#1045=VERTEX_POINT('',#3189);
#1046=VERTEX_POINT('',#3191);
#1047=VERTEX_POINT('',#3195);
#1048=VERTEX_POINT('',#3196);
#1049=VERTEX_POINT('',#3198);
#1050=VERTEX_POINT('',#3200);
#1051=VERTEX_POINT('',#3204);
#1052=VERTEX_POINT('',#3206);
#1053=VERTEX_POINT('',#3210);
#1054=VERTEX_POINT('',#3212);
#1055=VERTEX_POINT('',#3216);
#1056=VERTEX_POINT('',#3217);
#1057=VERTEX_POINT('',#3219);
#1058=VERTEX_POINT('',#3221);
#1059=VERTEX_POINT('',#3225);
#1060=VERTEX_POINT('',#3227);
#1061=VERTEX_POINT('',#3231);
#1062=VERTEX_POINT('',#3233);
#1063=VERTEX_POINT('',#3237);
#1064=VERTEX_POINT('',#3238);
#1065=VERTEX_POINT('',#3240);
#1066=VERTEX_POINT('',#3242);
#1067=VERTEX_POINT('',#3246);
#1068=VERTEX_POINT('',#3248);
#1069=VERTEX_POINT('',#3252);
#1070=VERTEX_POINT('',#3254);
#1071=VERTEX_POINT('',#3323);
#1072=VERTEX_POINT('',#3324);
#1073=VERTEX_POINT('',#3326);
#1074=VERTEX_POINT('',#3328);
#1075=VERTEX_POINT('',#3330);
#1076=VERTEX_POINT('',#3332);
#1077=VERTEX_POINT('',#3336);
#1078=VERTEX_POINT('',#3337);
#1079=VERTEX_POINT('',#3339);
#1080=VERTEX_POINT('',#3341);
#1081=VERTEX_POINT('',#3343);
#1082=VERTEX_POINT('',#3345);
#1083=VERTEX_POINT('',#3349);
#1084=VERTEX_POINT('',#3350);
#1085=VERTEX_POINT('',#3352);
#1086=VERTEX_POINT('',#3354);
#1087=VERTEX_POINT('',#3356);
#1088=VERTEX_POINT('',#3358);
#1089=VERTEX_POINT('',#3362);
#1090=VERTEX_POINT('',#3363);
#1091=VERTEX_POINT('',#3365);
#1092=VERTEX_POINT('',#3367);
#1093=VERTEX_POINT('',#3369);
#1094=VERTEX_POINT('',#3371);
#1095=VERTEX_POINT('',#3375);
#1096=VERTEX_POINT('',#3376);
#1097=VERTEX_POINT('',#3378);
#1098=VERTEX_POINT('',#3380);
#1099=VERTEX_POINT('',#3382);
#1100=VERTEX_POINT('',#3384);
#1101=VERTEX_POINT('',#3388);
#1102=VERTEX_POINT('',#3389);
#1103=VERTEX_POINT('',#3391);
#1104=VERTEX_POINT('',#3393);
#1105=VERTEX_POINT('',#3395);
#1106=VERTEX_POINT('',#3397);
#1107=VERTEX_POINT('',#3401);
#1108=VERTEX_POINT('',#3402);
#1109=VERTEX_POINT('',#3404);
#1110=VERTEX_POINT('',#3406);
#1111=VERTEX_POINT('',#3408);
#1112=VERTEX_POINT('',#3410);
#1113=VERTEX_POINT('',#3414);
#1114=VERTEX_POINT('',#3415);
#1115=VERTEX_POINT('',#3417);
#1116=VERTEX_POINT('',#3419);
#1117=VERTEX_POINT('',#3421);
#1118=VERTEX_POINT('',#3423);
#1119=VERTEX_POINT('',#3427);
#1120=VERTEX_POINT('',#3429);
#1121=VERTEX_POINT('',#3433);
#1122=VERTEX_POINT('',#3435);
#1123=VERTEX_POINT('',#3439);
#1124=VERTEX_POINT('',#3441);
#1125=VERTEX_POINT('',#3445);
#1126=VERTEX_POINT('',#3447);
#1127=VERTEX_POINT('',#3451);
#1128=VERTEX_POINT('',#3453);
#1129=VERTEX_POINT('',#3455);
#1130=VERTEX_POINT('',#3457);
#1131=VERTEX_POINT('',#3461);
#1132=VERTEX_POINT('',#3463);
#1133=VERTEX_POINT('',#3465);
#1134=VERTEX_POINT('',#3467);
#1135=VERTEX_POINT('',#3471);
#1136=VERTEX_POINT('',#3473);
#1137=VERTEX_POINT('',#3475);
#1138=VERTEX_POINT('',#3477);
#1139=VERTEX_POINT('',#3481);
#1140=VERTEX_POINT('',#3483);
#1141=VERTEX_POINT('',#3485);
#1142=VERTEX_POINT('',#3487);
#1143=VERTEX_POINT('',#3491);
#1144=VERTEX_POINT('',#3492);
#1145=VERTEX_POINT('',#3494);
#1146=VERTEX_POINT('',#3496);
#1147=VERTEX_POINT('',#3498);
#1148=VERTEX_POINT('',#3500);
#1149=VERTEX_POINT('',#3504);
#1150=VERTEX_POINT('',#3505);
#1151=VERTEX_POINT('',#3507);
#1152=VERTEX_POINT('',#3509);
#1153=VERTEX_POINT('',#3511);
#1154=VERTEX_POINT('',#3513);
#1155=VERTEX_POINT('',#3517);
#1156=VERTEX_POINT('',#3518);
#1157=VERTEX_POINT('',#3520);
#1158=VERTEX_POINT('',#3522);
#1159=VERTEX_POINT('',#3524);
#1160=VERTEX_POINT('',#3526);
#1161=VERTEX_POINT('',#3530);
#1162=VERTEX_POINT('',#3531);
#1163=VERTEX_POINT('',#3533);
#1164=VERTEX_POINT('',#3535);
#1165=VERTEX_POINT('',#3537);
#1166=VERTEX_POINT('',#3539);
#1167=VERTEX_POINT('',#3603);
#1168=VERTEX_POINT('',#3604);
#1169=VERTEX_POINT('',#3606);
#1170=VERTEX_POINT('',#3608);
#1171=VERTEX_POINT('',#3612);
#1172=VERTEX_POINT('',#3613);
#1173=VERTEX_POINT('',#3615);
#1174=VERTEX_POINT('',#3617);
#1175=LINE('',#3007,#1487);
#1176=LINE('',#3010,#1488);
#1177=LINE('',#3012,#1489);
#1178=LINE('',#3014,#1490);
#1179=LINE('',#3016,#1491);
#1180=LINE('',#3018,#1492);
#1181=LINE('',#3020,#1493);
#1182=LINE('',#3022,#1494);
#1183=LINE('',#3024,#1495);
#1184=LINE('',#3026,#1496);
#1185=LINE('',#3028,#1497);
#1186=LINE('',#3030,#1498);
#1187=LINE('',#3032,#1499);
#1188=LINE('',#3034,#1500);
#1189=LINE('',#3036,#1501);
#1190=LINE('',#3038,#1502);
#1191=LINE('',#3040,#1503);
#1192=LINE('',#3042,#1504);
#1193=LINE('',#3044,#1505);
#1194=LINE('',#3046,#1506);
#1195=LINE('',#3048,#1507);
#1196=LINE('',#3051,#1508);
#1197=LINE('',#3053,#1509);
#1198=LINE('',#3055,#1510);
#1199=LINE('',#3057,#1511);
#1200=LINE('',#3059,#1512);
#1201=LINE('',#3061,#1513);
#1202=LINE('',#3063,#1514);
#1203=LINE('',#3065,#1515);
#1204=LINE('',#3067,#1516);
#1205=LINE('',#3069,#1517);
#1206=LINE('',#3071,#1518);
#1207=LINE('',#3073,#1519);
#1208=LINE('',#3075,#1520);
#1209=LINE('',#3077,#1521);
#1210=LINE('',#3079,#1522);
#1211=LINE('',#3081,#1523);
#1212=LINE('',#3083,#1524);
#1213=LINE('',#3085,#1525);
#1214=LINE('',#3087,#1526);
#1215=LINE('',#3089,#1527);
#1216=LINE('',#3092,#1528);
#1217=LINE('',#3094,#1529);
#1218=LINE('',#3096,#1530);
#1219=LINE('',#3098,#1531);
#1220=LINE('',#3100,#1532);
#1221=LINE('',#3102,#1533);
#1222=LINE('',#3104,#1534);
#1223=LINE('',#3106,#1535);
#1224=LINE('',#3108,#1536);
#1225=LINE('',#3110,#1537);
#1226=LINE('',#3113,#1538);
#1227=LINE('',#3115,#1539);
#1228=LINE('',#3117,#1540);
#1229=LINE('',#3119,#1541);
#1230=LINE('',#3121,#1542);
#1231=LINE('',#3123,#1543);
#1232=LINE('',#3125,#1544);
#1233=LINE('',#3127,#1545);
#1234=LINE('',#3129,#1546);
#1235=LINE('',#3131,#1547);
#1236=LINE('',#3134,#1548);
#1237=LINE('',#3136,#1549);
#1238=LINE('',#3138,#1550);
#1239=LINE('',#3140,#1551);
#1240=LINE('',#3142,#1552);
#1241=LINE('',#3144,#1553);
#1242=LINE('',#3146,#1554);
#1243=LINE('',#3148,#1555);
#1244=LINE('',#3150,#1556);
#1245=LINE('',#3152,#1557);
#1246=LINE('',#3155,#1558);
#1247=LINE('',#3157,#1559);
#1248=LINE('',#3159,#1560);
#1249=LINE('',#3161,#1561);
#1250=LINE('',#3163,#1562);
#1251=LINE('',#3165,#1563);
#1252=LINE('',#3167,#1564);
#1253=LINE('',#3169,#1565);
#1254=LINE('',#3171,#1566);
#1255=LINE('',#3173,#1567);
#1256=LINE('',#3176,#1568);
#1257=LINE('',#3178,#1569);
#1258=LINE('',#3180,#1570);
#1259=LINE('',#3182,#1571);
#1260=LINE('',#3184,#1572);
#1261=LINE('',#3186,#1573);
#1262=LINE('',#3188,#1574);
#1263=LINE('',#3190,#1575);
#1264=LINE('',#3192,#1576);
#1265=LINE('',#3194,#1577);
#1266=LINE('',#3197,#1578);
#1267=LINE('',#3199,#1579);
#1268=LINE('',#3201,#1580);
#1269=LINE('',#3203,#1581);
#1270=LINE('',#3205,#1582);
#1271=LINE('',#3207,#1583);
#1272=LINE('',#3209,#1584);
#1273=LINE('',#3211,#1585);
#1274=LINE('',#3213,#1586);
#1275=LINE('',#3215,#1587);
#1276=LINE('',#3218,#1588);
#1277=LINE('',#3220,#1589);
#1278=LINE('',#3222,#1590);
#1279=LINE('',#3224,#1591);
#1280=LINE('',#3226,#1592);
#1281=LINE('',#3228,#1593);
#1282=LINE('',#3230,#1594);
#1283=LINE('',#3232,#1595);
#1284=LINE('',#3234,#1596);
#1285=LINE('',#3236,#1597);
#1286=LINE('',#3239,#1598);
#1287=LINE('',#3241,#1599);
#1288=LINE('',#3243,#1600);
#1289=LINE('',#3245,#1601);
#1290=LINE('',#3247,#1602);
#1291=LINE('',#3249,#1603);
#1292=LINE('',#3251,#1604);
#1293=LINE('',#3253,#1605);
#1294=LINE('',#3255,#1606);
#1295=LINE('',#3257,#1607);
#1296=LINE('',#3258,#1608);
#1297=LINE('',#3260,#1609);
#1298=LINE('',#3261,#1610);
#1299=LINE('',#3263,#1611);
#1300=LINE('',#3264,#1612);
#1301=LINE('',#3266,#1613);
#1302=LINE('',#3267,#1614);
#1303=LINE('',#3269,#1615);
#1304=LINE('',#3270,#1616);
#1305=LINE('',#3272,#1617);
#1306=LINE('',#3273,#1618);
#1307=LINE('',#3275,#1619);
#1308=LINE('',#3276,#1620);
#1309=LINE('',#3278,#1621);
#1310=LINE('',#3279,#1622);
#1311=LINE('',#3281,#1623);
#1312=LINE('',#3282,#1624);
#1313=LINE('',#3284,#1625);
#1314=LINE('',#3285,#1626);
#1315=LINE('',#3287,#1627);
#1316=LINE('',#3288,#1628);
#1317=LINE('',#3290,#1629);
#1318=LINE('',#3291,#1630);
#1319=LINE('',#3293,#1631);
#1320=LINE('',#3294,#1632);
#1321=LINE('',#3296,#1633);
#1322=LINE('',#3298,#1634);
#1323=LINE('',#3301,#1635);
#1324=LINE('',#3303,#1636);
#1325=LINE('',#3306,#1637);
#1326=LINE('',#3308,#1638);
#1327=LINE('',#3311,#1639);
#1328=LINE('',#3313,#1640);
#1329=LINE('',#3316,#1641);
#1330=LINE('',#3317,#1642);
#1331=LINE('',#3322,#1643);
#1332=LINE('',#3325,#1644);
#1333=LINE('',#3327,#1645);
#1334=LINE('',#3329,#1646);
#1335=LINE('',#3331,#1647);
#1336=LINE('',#3333,#1648);
#1337=LINE('',#3335,#1649);
#1338=LINE('',#3338,#1650);
#1339=LINE('',#3340,#1651);
#1340=LINE('',#3342,#1652);
#1341=LINE('',#3344,#1653);
#1342=LINE('',#3346,#1654);
#1343=LINE('',#3348,#1655);
#1344=LINE('',#3351,#1656);
#1345=LINE('',#3353,#1657);
#1346=LINE('',#3355,#1658);
#1347=LINE('',#3357,#1659);
#1348=LINE('',#3359,#1660);
#1349=LINE('',#3361,#1661);
#1350=LINE('',#3364,#1662);
#1351=LINE('',#3366,#1663);
#1352=LINE('',#3368,#1664);
#1353=LINE('',#3370,#1665);
#1354=LINE('',#3372,#1666);
#1355=LINE('',#3374,#1667);
#1356=LINE('',#3377,#1668);
#1357=LINE('',#3379,#1669);
#1358=LINE('',#3381,#1670);
#1359=LINE('',#3383,#1671);
#1360=LINE('',#3385,#1672);
#1361=LINE('',#3387,#1673);
#1362=LINE('',#3390,#1674);
#1363=LINE('',#3392,#1675);
#1364=LINE('',#3394,#1676);
#1365=LINE('',#3396,#1677);
#1366=LINE('',#3398,#1678);
#1367=LINE('',#3400,#1679);
#1368=LINE('',#3403,#1680);
#1369=LINE('',#3405,#1681);
#1370=LINE('',#3407,#1682);
#1371=LINE('',#3409,#1683);
#1372=LINE('',#3411,#1684);
#1373=LINE('',#3413,#1685);
#1374=LINE('',#3416,#1686);
#1375=LINE('',#3418,#1687);
#1376=LINE('',#3420,#1688);
#1377=LINE('',#3422,#1689);
#1378=LINE('',#3424,#1690);
#1379=LINE('',#3426,#1691);
#1380=LINE('',#3428,#1692);
#1381=LINE('',#3430,#1693);
#1382=LINE('',#3432,#1694);
#1383=LINE('',#3434,#1695);
#1384=LINE('',#3436,#1696);
#1385=LINE('',#3438,#1697);
#1386=LINE('',#3440,#1698);
#1387=LINE('',#3442,#1699);
#1388=LINE('',#3444,#1700);
#1389=LINE('',#3446,#1701);
#1390=LINE('',#3448,#1702);
#1391=LINE('',#3450,#1703);
#1392=LINE('',#3452,#1704);
#1393=LINE('',#3454,#1705);
#1394=LINE('',#3456,#1706);
#1395=LINE('',#3458,#1707);
#1396=LINE('',#3460,#1708);
#1397=LINE('',#3462,#1709);
#1398=LINE('',#3464,#1710);
#1399=LINE('',#3466,#1711);
#1400=LINE('',#3468,#1712);
#1401=LINE('',#3470,#1713);
#1402=LINE('',#3472,#1714);
#1403=LINE('',#3474,#1715);
#1404=LINE('',#3476,#1716);
#1405=LINE('',#3478,#1717);
#1406=LINE('',#3480,#1718);
#1407=LINE('',#3482,#1719);
#1408=LINE('',#3484,#1720);
#1409=LINE('',#3486,#1721);
#1410=LINE('',#3488,#1722);
#1411=LINE('',#3490,#1723);
#1412=LINE('',#3493,#1724);
#1413=LINE('',#3495,#1725);
#1414=LINE('',#3497,#1726);
#1415=LINE('',#3499,#1727);
#1416=LINE('',#3501,#1728);
#1417=LINE('',#3503,#1729);
#1418=LINE('',#3506,#1730);
#1419=LINE('',#3508,#1731);
#1420=LINE('',#3510,#1732);
#1421=LINE('',#3512,#1733);
#1422=LINE('',#3514,#1734);
#1423=LINE('',#3516,#1735);
#1424=LINE('',#3519,#1736);
#1425=LINE('',#3521,#1737);
#1426=LINE('',#3523,#1738);
#1427=LINE('',#3525,#1739);
#1428=LINE('',#3527,#1740);
#1429=LINE('',#3529,#1741);
#1430=LINE('',#3532,#1742);
#1431=LINE('',#3534,#1743);
#1432=LINE('',#3536,#1744);
#1433=LINE('',#3538,#1745);
#1434=LINE('',#3540,#1746);
#1435=LINE('',#3542,#1747);
#1436=LINE('',#3543,#1748);
#1437=LINE('',#3545,#1749);
#1438=LINE('',#3546,#1750);
#1439=LINE('',#3548,#1751);
#1440=LINE('',#3549,#1752);
#1441=LINE('',#3551,#1753);
#1442=LINE('',#3552,#1754);
#1443=LINE('',#3554,#1755);
#1444=LINE('',#3555,#1756);
#1445=LINE('',#3557,#1757);
#1446=LINE('',#3558,#1758);
#1447=LINE('',#3560,#1759);
#1448=LINE('',#3561,#1760);
#1449=LINE('',#3563,#1761);
#1450=LINE('',#3564,#1762);
#1451=LINE('',#3566,#1763);
#1452=LINE('',#3567,#1764);
#1453=LINE('',#3569,#1765);
#1454=LINE('',#3570,#1766);
#1455=LINE('',#3572,#1767);
#1456=LINE('',#3573,#1768);
#1457=LINE('',#3575,#1769);
#1458=LINE('',#3576,#1770);
#1459=LINE('',#3578,#1771);
#1460=LINE('',#3579,#1772);
#1461=LINE('',#3581,#1773);
#1462=LINE('',#3582,#1774);
#1463=LINE('',#3584,#1775);
#1464=LINE('',#3585,#1776);
#1465=LINE('',#3587,#1777);
#1466=LINE('',#3588,#1778);
#1467=LINE('',#3590,#1779);
#1468=LINE('',#3591,#1780);
#1469=LINE('',#3593,#1781);
#1470=LINE('',#3594,#1782);
#1471=LINE('',#3596,#1783);
#1472=LINE('',#3597,#1784);
#1473=LINE('',#3599,#1785);
#1474=LINE('',#3600,#1786);
#1475=LINE('',#3602,#1787);
#1476=LINE('',#3605,#1788);
#1477=LINE('',#3607,#1789);
#1478=LINE('',#3609,#1790);
#1479=LINE('',#3611,#1791);
#1480=LINE('',#3614,#1792);
#1481=LINE('',#3616,#1793);
#1482=LINE('',#3618,#1794);
#1483=LINE('',#3620,#1795);
#1484=LINE('',#3621,#1796);
#1485=LINE('',#3623,#1797);
#1486=LINE('',#3624,#1798);
#1487=VECTOR('',#2459,39.3700787401575);
#1488=VECTOR('',#2460,39.3700787401575);
#1489=VECTOR('',#2461,39.3700787401575);
#1490=VECTOR('',#2462,39.3700787401575);
#1491=VECTOR('',#2463,39.3700787401575);
#1492=VECTOR('',#2464,39.3700787401575);
#1493=VECTOR('',#2465,39.3700787401575);
#1494=VECTOR('',#2466,39.3700787401575);
#1495=VECTOR('',#2467,39.3700787401575);
#1496=VECTOR('',#2468,39.3700787401575);
#1497=VECTOR('',#2469,39.3700787401575);
#1498=VECTOR('',#2470,39.3700787401575);
#1499=VECTOR('',#2471,39.3700787401575);
#1500=VECTOR('',#2472,39.3700787401575);
#1501=VECTOR('',#2473,39.3700787401575);
#1502=VECTOR('',#2474,39.3700787401575);
#1503=VECTOR('',#2475,39.3700787401575);
#1504=VECTOR('',#2476,39.3700787401575);
#1505=VECTOR('',#2477,39.3700787401575);
#1506=VECTOR('',#2478,39.3700787401575);
#1507=VECTOR('',#2481,39.3700787401575);
#1508=VECTOR('',#2482,39.3700787401575);
#1509=VECTOR('',#2483,39.3700787401575);
#1510=VECTOR('',#2484,39.3700787401575);
#1511=VECTOR('',#2485,39.3700787401575);
#1512=VECTOR('',#2486,39.3700787401575);
#1513=VECTOR('',#2487,39.3700787401575);
#1514=VECTOR('',#2488,39.3700787401575);
#1515=VECTOR('',#2489,39.3700787401575);
#1516=VECTOR('',#2490,39.3700787401575);
#1517=VECTOR('',#2491,39.3700787401575);
#1518=VECTOR('',#2492,39.3700787401575);
#1519=VECTOR('',#2493,39.3700787401575);
#1520=VECTOR('',#2494,39.3700787401575);
#1521=VECTOR('',#2495,39.3700787401575);
#1522=VECTOR('',#2496,39.3700787401575);
#1523=VECTOR('',#2497,39.3700787401575);
#1524=VECTOR('',#2498,39.3700787401575);
#1525=VECTOR('',#2499,39.3700787401575);
#1526=VECTOR('',#2500,39.3700787401575);
#1527=VECTOR('',#2503,39.3700787401575);
#1528=VECTOR('',#2504,39.3700787401575);
#1529=VECTOR('',#2505,39.3700787401575);
#1530=VECTOR('',#2506,39.3700787401575);
#1531=VECTOR('',#2509,39.3700787401575);
#1532=VECTOR('',#2510,39.3700787401575);
#1533=VECTOR('',#2511,39.3700787401575);
#1534=VECTOR('',#2514,39.3700787401575);
#1535=VECTOR('',#2515,39.3700787401575);
#1536=VECTOR('',#2516,39.3700787401575);
#1537=VECTOR('',#2519,39.3700787401575);
#1538=VECTOR('',#2520,39.3700787401575);
#1539=VECTOR('',#2521,39.3700787401575);
#1540=VECTOR('',#2522,39.3700787401575);
#1541=VECTOR('',#2525,39.3700787401575);
#1542=VECTOR('',#2526,39.3700787401575);
#1543=VECTOR('',#2527,39.3700787401575);
#1544=VECTOR('',#2530,39.3700787401575);
#1545=VECTOR('',#2531,39.3700787401575);
#1546=VECTOR('',#2532,39.3700787401575);
#1547=VECTOR('',#2535,39.3700787401575);
#1548=VECTOR('',#2536,39.3700787401575);
#1549=VECTOR('',#2537,39.3700787401575);
#1550=VECTOR('',#2538,39.3700787401575);
#1551=VECTOR('',#2541,39.3700787401575);
#1552=VECTOR('',#2542,39.3700787401575);
#1553=VECTOR('',#2543,39.3700787401575);
#1554=VECTOR('',#2546,39.3700787401575);
#1555=VECTOR('',#2547,39.3700787401575);
#1556=VECTOR('',#2548,39.3700787401575);
#1557=VECTOR('',#2551,39.3700787401575);
#1558=VECTOR('',#2552,39.3700787401575);
#1559=VECTOR('',#2553,39.3700787401575);
#1560=VECTOR('',#2554,39.3700787401575);
#1561=VECTOR('',#2557,39.3700787401575);
#1562=VECTOR('',#2558,39.3700787401575);
#1563=VECTOR('',#2559,39.3700787401575);
#1564=VECTOR('',#2562,39.3700787401575);
#1565=VECTOR('',#2563,39.3700787401575);
#1566=VECTOR('',#2564,39.3700787401575);
#1567=VECTOR('',#2567,39.3700787401575);
#1568=VECTOR('',#2568,39.3700787401575);
#1569=VECTOR('',#2569,39.3700787401575);
#1570=VECTOR('',#2570,39.3700787401575);
#1571=VECTOR('',#2573,39.3700787401575);
#1572=VECTOR('',#2574,39.3700787401575);
#1573=VECTOR('',#2575,39.3700787401575);
#1574=VECTOR('',#2578,39.3700787401575);
#1575=VECTOR('',#2579,39.3700787401575);
#1576=VECTOR('',#2580,39.3700787401575);
#1577=VECTOR('',#2583,39.3700787401575);
#1578=VECTOR('',#2584,39.3700787401575);
#1579=VECTOR('',#2585,39.3700787401575);
#1580=VECTOR('',#2586,39.3700787401575);
#1581=VECTOR('',#2589,39.3700787401575);
#1582=VECTOR('',#2590,39.3700787401575);
#1583=VECTOR('',#2591,39.3700787401575);
#1584=VECTOR('',#2594,39.3700787401575);
#1585=VECTOR('',#2595,39.3700787401575);
#1586=VECTOR('',#2596,39.3700787401575);
#1587=VECTOR('',#2599,39.3700787401575);
#1588=VECTOR('',#2600,39.3700787401575);
#1589=VECTOR('',#2601,39.3700787401575);
#1590=VECTOR('',#2602,39.3700787401575);
#1591=VECTOR('',#2605,39.3700787401575);
#1592=VECTOR('',#2606,39.3700787401575);
#1593=VECTOR('',#2607,39.3700787401575);
#1594=VECTOR('',#2610,39.3700787401575);
#1595=VECTOR('',#2611,39.3700787401575);
#1596=VECTOR('',#2612,39.3700787401575);
#1597=VECTOR('',#2615,39.3700787401575);
#1598=VECTOR('',#2616,39.3700787401575);
#1599=VECTOR('',#2617,39.3700787401575);
#1600=VECTOR('',#2618,39.3700787401575);
#1601=VECTOR('',#2621,39.3700787401575);
#1602=VECTOR('',#2622,39.3700787401575);
#1603=VECTOR('',#2623,39.3700787401575);
#1604=VECTOR('',#2626,39.3700787401575);
#1605=VECTOR('',#2627,39.3700787401575);
#1606=VECTOR('',#2628,39.3700787401575);
#1607=VECTOR('',#2631,39.3700787401575);
#1608=VECTOR('',#2632,39.3700787401575);
#1609=VECTOR('',#2635,39.3700787401575);
#1610=VECTOR('',#2636,39.3700787401575);
#1611=VECTOR('',#2639,39.3700787401575);
#1612=VECTOR('',#2640,39.3700787401575);
#1613=VECTOR('',#2643,39.3700787401575);
#1614=VECTOR('',#2644,39.3700787401575);
#1615=VECTOR('',#2647,39.3700787401575);
#1616=VECTOR('',#2648,39.3700787401575);
#1617=VECTOR('',#2651,39.3700787401575);
#1618=VECTOR('',#2652,39.3700787401575);
#1619=VECTOR('',#2655,39.3700787401575);
#1620=VECTOR('',#2656,39.3700787401575);
#1621=VECTOR('',#2659,39.3700787401575);
#1622=VECTOR('',#2660,39.3700787401575);
#1623=VECTOR('',#2663,39.3700787401575);
#1624=VECTOR('',#2664,39.3700787401575);
#1625=VECTOR('',#2667,39.3700787401575);
#1626=VECTOR('',#2668,39.3700787401575);
#1627=VECTOR('',#2671,39.3700787401575);
#1628=VECTOR('',#2672,39.3700787401575);
#1629=VECTOR('',#2675,39.3700787401575);
#1630=VECTOR('',#2676,39.3700787401575);
#1631=VECTOR('',#2679,39.3700787401575);
#1632=VECTOR('',#2680,39.3700787401575);
#1633=VECTOR('',#2683,39.3700787401575);
#1634=VECTOR('',#2686,39.3700787401575);
#1635=VECTOR('',#2691,39.3700787401575);
#1636=VECTOR('',#2694,39.3700787401575);
#1637=VECTOR('',#2699,39.3700787401575);
#1638=VECTOR('',#2702,39.3700787401575);
#1639=VECTOR('',#2707,39.3700787401575);
#1640=VECTOR('',#2710,39.3700787401575);
#1641=VECTOR('',#2715,39.3700787401575);
#1642=VECTOR('',#2716,39.3700787401575);
#1643=VECTOR('',#2725,39.3700787401575);
#1644=VECTOR('',#2726,39.3700787401575);
#1645=VECTOR('',#2727,39.3700787401575);
#1646=VECTOR('',#2728,39.3700787401575);
#1647=VECTOR('',#2729,39.3700787401575);
#1648=VECTOR('',#2730,39.3700787401575);
#1649=VECTOR('',#2733,39.3700787401575);
#1650=VECTOR('',#2734,39.3700787401575);
#1651=VECTOR('',#2735,39.3700787401575);
#1652=VECTOR('',#2736,39.3700787401575);
#1653=VECTOR('',#2737,39.3700787401575);
#1654=VECTOR('',#2738,39.3700787401575);
#1655=VECTOR('',#2741,39.3700787401575);
#1656=VECTOR('',#2742,39.3700787401575);
#1657=VECTOR('',#2743,39.3700787401575);
#1658=VECTOR('',#2744,39.3700787401575);
#1659=VECTOR('',#2745,39.3700787401575);
#1660=VECTOR('',#2746,39.3700787401575);
#1661=VECTOR('',#2749,39.3700787401575);
#1662=VECTOR('',#2750,39.3700787401575);
#1663=VECTOR('',#2751,39.3700787401575);
#1664=VECTOR('',#2752,39.3700787401575);
#1665=VECTOR('',#2753,39.3700787401575);
#1666=VECTOR('',#2754,39.3700787401575);
#1667=VECTOR('',#2757,39.3700787401575);
#1668=VECTOR('',#2758,39.3700787401575);
#1669=VECTOR('',#2759,39.3700787401575);
#1670=VECTOR('',#2760,39.3700787401575);
#1671=VECTOR('',#2761,39.3700787401575);
#1672=VECTOR('',#2762,39.3700787401575);
#1673=VECTOR('',#2765,39.3700787401575);
#1674=VECTOR('',#2766,39.3700787401575);
#1675=VECTOR('',#2767,39.3700787401575);
#1676=VECTOR('',#2768,39.3700787401575);
#1677=VECTOR('',#2769,39.3700787401575);
#1678=VECTOR('',#2770,39.3700787401575);
#1679=VECTOR('',#2773,39.3700787401575);
#1680=VECTOR('',#2774,39.3700787401575);
#1681=VECTOR('',#2775,39.3700787401575);
#1682=VECTOR('',#2776,39.3700787401575);
#1683=VECTOR('',#2777,39.3700787401575);
#1684=VECTOR('',#2778,39.3700787401575);
#1685=VECTOR('',#2781,39.3700787401575);
#1686=VECTOR('',#2782,39.3700787401575);
#1687=VECTOR('',#2783,39.3700787401575);
#1688=VECTOR('',#2784,39.3700787401575);
#1689=VECTOR('',#2785,39.3700787401575);
#1690=VECTOR('',#2786,39.3700787401575);
#1691=VECTOR('',#2789,39.3700787401575);
#1692=VECTOR('',#2790,39.3700787401575);
#1693=VECTOR('',#2791,39.3700787401575);
#1694=VECTOR('',#2794,39.3700787401575);
#1695=VECTOR('',#2795,39.3700787401575);
#1696=VECTOR('',#2796,39.3700787401575);
#1697=VECTOR('',#2799,39.3700787401575);
#1698=VECTOR('',#2800,39.3700787401575);
#1699=VECTOR('',#2801,39.3700787401575);
#1700=VECTOR('',#2804,39.3700787401575);
#1701=VECTOR('',#2805,39.3700787401575);
#1702=VECTOR('',#2806,39.3700787401575);
#1703=VECTOR('',#2809,39.3700787401575);
#1704=VECTOR('',#2810,39.3700787401575);
#1705=VECTOR('',#2811,39.3700787401575);
#1706=VECTOR('',#2812,39.3700787401575);
#1707=VECTOR('',#2813,39.3700787401575);
#1708=VECTOR('',#2816,39.3700787401575);
#1709=VECTOR('',#2817,39.3700787401575);
#1710=VECTOR('',#2818,39.3700787401575);
#1711=VECTOR('',#2819,39.3700787401575);
#1712=VECTOR('',#2820,39.3700787401575);
#1713=VECTOR('',#2823,39.3700787401575);
#1714=VECTOR('',#2824,39.3700787401575);
#1715=VECTOR('',#2825,39.3700787401575);
#1716=VECTOR('',#2826,39.3700787401575);
#1717=VECTOR('',#2827,39.3700787401575);
#1718=VECTOR('',#2830,39.3700787401575);
#1719=VECTOR('',#2831,39.3700787401575);
#1720=VECTOR('',#2832,39.3700787401575);
#1721=VECTOR('',#2833,39.3700787401575);
#1722=VECTOR('',#2834,39.3700787401575);
#1723=VECTOR('',#2837,39.3700787401575);
#1724=VECTOR('',#2838,39.3700787401575);
#1725=VECTOR('',#2839,39.3700787401575);
#1726=VECTOR('',#2840,39.3700787401575);
#1727=VECTOR('',#2841,39.3700787401575);
#1728=VECTOR('',#2842,39.3700787401575);
#1729=VECTOR('',#2845,39.3700787401575);
#1730=VECTOR('',#2846,39.3700787401575);
#1731=VECTOR('',#2847,39.3700787401575);
#1732=VECTOR('',#2848,39.3700787401575);
#1733=VECTOR('',#2849,39.3700787401575);
#1734=VECTOR('',#2850,39.3700787401575);
#1735=VECTOR('',#2853,39.3700787401575);
#1736=VECTOR('',#2854,39.3700787401575);
#1737=VECTOR('',#2855,39.3700787401575);
#1738=VECTOR('',#2856,39.3700787401575);
#1739=VECTOR('',#2857,39.3700787401575);
#1740=VECTOR('',#2858,39.3700787401575);
#1741=VECTOR('',#2861,39.3700787401575);
#1742=VECTOR('',#2862,39.3700787401575);
#1743=VECTOR('',#2863,39.3700787401575);
#1744=VECTOR('',#2864,39.3700787401575);
#1745=VECTOR('',#2865,39.3700787401575);
#1746=VECTOR('',#2866,39.3700787401575);
#1747=VECTOR('',#2869,39.3700787401575);
#1748=VECTOR('',#2870,39.3700787401575);
#1749=VECTOR('',#2873,39.3700787401575);
#1750=VECTOR('',#2874,39.3700787401575);
#1751=VECTOR('',#2877,39.3700787401575);
#1752=VECTOR('',#2878,39.3700787401575);
#1753=VECTOR('',#2881,39.3700787401575);
#1754=VECTOR('',#2882,39.3700787401575);
#1755=VECTOR('',#2885,39.3700787401575);
#1756=VECTOR('',#2886,39.3700787401575);
#1757=VECTOR('',#2889,39.3700787401575);
#1758=VECTOR('',#2890,39.3700787401575);
#1759=VECTOR('',#2893,39.3700787401575);
#1760=VECTOR('',#2894,39.3700787401575);
#1761=VECTOR('',#2897,39.3700787401575);
#1762=VECTOR('',#2898,39.3700787401575);
#1763=VECTOR('',#2901,39.3700787401575);
#1764=VECTOR('',#2902,39.3700787401575);
#1765=VECTOR('',#2905,39.3700787401575);
#1766=VECTOR('',#2906,39.3700787401575);
#1767=VECTOR('',#2909,39.3700787401575);
#1768=VECTOR('',#2910,39.3700787401575);
#1769=VECTOR('',#2913,39.3700787401575);
#1770=VECTOR('',#2914,39.3700787401575);
#1771=VECTOR('',#2917,39.3700787401575);
#1772=VECTOR('',#2918,39.3700787401575);
#1773=VECTOR('',#2921,39.3700787401575);
#1774=VECTOR('',#2922,39.3700787401575);
#1775=VECTOR('',#2925,39.3700787401575);
#1776=VECTOR('',#2926,39.3700787401575);
#1777=VECTOR('',#2929,39.3700787401575);
#1778=VECTOR('',#2930,39.3700787401575);
#1779=VECTOR('',#2933,39.3700787401575);
#1780=VECTOR('',#2934,39.3700787401575);
#1781=VECTOR('',#2937,39.3700787401575);
#1782=VECTOR('',#2938,39.3700787401575);
#1783=VECTOR('',#2941,39.3700787401575);
#1784=VECTOR('',#2942,39.3700787401575);
#1785=VECTOR('',#2945,39.3700787401575);
#1786=VECTOR('',#2946,39.3700787401575);
#1787=VECTOR('',#2949,39.3700787401575);
#1788=VECTOR('',#2950,39.3700787401575);
#1789=VECTOR('',#2951,39.3700787401575);
#1790=VECTOR('',#2952,39.3700787401575);
#1791=VECTOR('',#2955,39.3700787401575);
#1792=VECTOR('',#2956,39.3700787401575);
#1793=VECTOR('',#2957,39.3700787401575);
#1794=VECTOR('',#2958,39.3700787401575);
#1795=VECTOR('',#2961,39.3700787401575);
#1796=VECTOR('',#2962,39.3700787401575);
#1797=VECTOR('',#2965,39.3700787401575);
#1798=VECTOR('',#2966,39.3700787401575);
#1799=EDGE_LOOP('',(#31,#32,#33,#34,#35,#36,#37,#38,#39,#40,#41,#42,#43,
#44,#45,#46,#47,#48,#49,#50));
#1800=EDGE_LOOP('',(#51,#52,#53,#54,#55,#56,#57,#58,#59,#60,#61,#62,#63,
#64,#65,#66,#67,#68,#69,#70));
#1801=EDGE_LOOP('',(#71,#72,#73,#74));
#1802=EDGE_LOOP('',(#75,#76,#77,#78));
#1803=EDGE_LOOP('',(#79,#80,#81,#82));
#1804=EDGE_LOOP('',(#83,#84,#85,#86));
#1805=EDGE_LOOP('',(#87,#88,#89,#90));
#1806=EDGE_LOOP('',(#91,#92,#93,#94));
#1807=EDGE_LOOP('',(#95,#96,#97,#98));
#1808=EDGE_LOOP('',(#99,#100,#101,#102));
#1809=EDGE_LOOP('',(#103,#104,#105,#106));
#1810=EDGE_LOOP('',(#107,#108,#109,#110));
#1811=EDGE_LOOP('',(#111,#112,#113,#114));
#1812=EDGE_LOOP('',(#115,#116,#117,#118));
#1813=EDGE_LOOP('',(#119,#120,#121,#122));
#1814=EDGE_LOOP('',(#123,#124,#125,#126));
#1815=EDGE_LOOP('',(#127,#128,#129,#130));
#1816=EDGE_LOOP('',(#131,#132,#133,#134));
#1817=EDGE_LOOP('',(#135,#136,#137,#138));
#1818=EDGE_LOOP('',(#139,#140,#141,#142));
#1819=EDGE_LOOP('',(#143,#144,#145,#146));
#1820=EDGE_LOOP('',(#147,#148,#149,#150));
#1821=EDGE_LOOP('',(#151,#152,#153,#154));
#1822=EDGE_LOOP('',(#155,#156,#157,#158));
#1823=EDGE_LOOP('',(#159,#160,#161,#162));
#1824=EDGE_LOOP('',(#163,#164,#165,#166));
#1825=EDGE_LOOP('',(#167,#168,#169,#170));
#1826=EDGE_LOOP('',(#171,#172,#173,#174));
#1827=EDGE_LOOP('',(#175,#176,#177,#178));
#1828=EDGE_LOOP('',(#179,#180,#181,#182));
#1829=EDGE_LOOP('',(#183,#184,#185,#186));
#1830=EDGE_LOOP('',(#187,#188,#189,#190));
#1831=EDGE_LOOP('',(#191,#192,#193,#194));
#1832=EDGE_LOOP('',(#195,#196,#197,#198));
#1833=EDGE_LOOP('',(#199,#200,#201,#202));
#1834=EDGE_LOOP('',(#203,#204,#205,#206));
#1835=EDGE_LOOP('',(#207,#208,#209,#210));
#1836=EDGE_LOOP('',(#211,#212,#213,#214));
#1837=EDGE_LOOP('',(#215,#216,#217,#218));
#1838=EDGE_LOOP('',(#219,#220,#221,#222));
#1839=EDGE_LOOP('',(#223,#224,#225,#226));
#1840=EDGE_LOOP('',(#227,#228,#229,#230));
#1841=EDGE_LOOP('',(#231,#232,#233,#234));
#1842=EDGE_LOOP('',(#235,#236,#237,#238));
#1843=EDGE_LOOP('',(#239,#240,#241,#242));
#1844=EDGE_LOOP('',(#243,#244,#245,#246));
#1845=EDGE_LOOP('',(#247,#248,#249,#250));
#1846=EDGE_LOOP('',(#251,#252,#253,#254));
#1847=EDGE_LOOP('',(#255,#256,#257,#258));
#1848=EDGE_LOOP('',(#259,#260,#261,#262));
#1849=EDGE_LOOP('',(#263,#264,#265,#266));
#1850=EDGE_LOOP('',(#267,#268,#269,#270));
#1851=EDGE_LOOP('',(#271,#272,#273,#274));
#1852=EDGE_LOOP('',(#275,#276,#277,#278));
#1853=EDGE_LOOP('',(#279,#280,#281,#282));
#1854=EDGE_LOOP('',(#283,#284,#285,#286));
#1855=EDGE_LOOP('',(#287,#288,#289,#290));
#1856=EDGE_LOOP('',(#291,#292,#293,#294));
#1857=EDGE_LOOP('',(#295,#296,#297,#298));
#1858=EDGE_LOOP('',(#299,#300,#301,#302));
#1859=EDGE_LOOP('',(#303,#304,#305,#306));
#1860=EDGE_LOOP('',(#307,#308,#309,#310));
#1861=EDGE_LOOP('',(#311,#312,#313,#314));
#1862=EDGE_LOOP('',(#315,#316,#317,#318));
#1863=EDGE_LOOP('',(#319,#320,#321,#322));
#1864=EDGE_LOOP('',(#323,#324,#325,#326));
#1865=EDGE_LOOP('',(#327,#328,#329,#330));
#1866=EDGE_LOOP('',(#331,#332,#333,#334));
#1867=EDGE_LOOP('',(#335,#336,#337,#338));
#1868=EDGE_LOOP('',(#339,#340,#341,#342));
#1869=EDGE_LOOP('',(#343,#344,#345,#346,#347,#348));
#1870=EDGE_LOOP('',(#349,#350,#351,#352,#353,#354));
#1871=EDGE_LOOP('',(#355,#356,#357,#358,#359,#360));
#1872=EDGE_LOOP('',(#361,#362,#363,#364,#365,#366));
#1873=EDGE_LOOP('',(#367,#368,#369,#370,#371,#372));
#1874=EDGE_LOOP('',(#373,#374,#375,#376,#377,#378));
#1875=EDGE_LOOP('',(#379,#380,#381,#382,#383,#384));
#1876=EDGE_LOOP('',(#385,#386,#387,#388,#389,#390));
#1877=EDGE_LOOP('',(#391,#392,#393,#394));
#1878=EDGE_LOOP('',(#395,#396,#397,#398));
#1879=EDGE_LOOP('',(#399,#400,#401,#402));
#1880=EDGE_LOOP('',(#403,#404,#405,#406));
#1881=EDGE_LOOP('',(#407,#408,#409,#410,#411,#412));
#1882=EDGE_LOOP('',(#413,#414,#415,#416,#417,#418));
#1883=EDGE_LOOP('',(#419,#420,#421,#422,#423,#424));
#1884=EDGE_LOOP('',(#425,#426,#427,#428,#429,#430));
#1885=EDGE_LOOP('',(#431,#432,#433,#434,#435,#436));
#1886=EDGE_LOOP('',(#437,#438,#439,#440,#441,#442));
#1887=EDGE_LOOP('',(#443,#444,#445,#446,#447,#448));
#1888=EDGE_LOOP('',(#449,#450,#451,#452,#453,#454));
#1889=EDGE_LOOP('',(#455,#456,#457,#458));
#1890=EDGE_LOOP('',(#459,#460,#461,#462));
#1891=EDGE_LOOP('',(#463,#464,#465,#466));
#1892=EDGE_LOOP('',(#467,#468,#469,#470));
#1893=EDGE_LOOP('',(#471,#472,#473,#474));
#1894=EDGE_LOOP('',(#475,#476,#477,#478));
#1895=EDGE_LOOP('',(#479,#480,#481,#482));
#1896=EDGE_LOOP('',(#483,#484,#485,#486));
#1897=EDGE_LOOP('',(#487,#488,#489,#490));
#1898=EDGE_LOOP('',(#491,#492,#493,#494));
#1899=EDGE_LOOP('',(#495,#496,#497,#498));
#1900=EDGE_LOOP('',(#499,#500,#501,#502));
#1901=EDGE_LOOP('',(#503,#504,#505,#506));
#1902=EDGE_LOOP('',(#507,#508,#509,#510));
#1903=EDGE_LOOP('',(#511,#512,#513,#514));
#1904=EDGE_LOOP('',(#515,#516,#517,#518));
#1905=EDGE_LOOP('',(#519,#520,#521,#522));
#1906=EDGE_LOOP('',(#523,#524,#525,#526));
#1907=EDGE_LOOP('',(#527,#528,#529,#530));
#1908=EDGE_LOOP('',(#531,#532,#533,#534));
#1909=EDGE_LOOP('',(#535,#536,#537,#538));
#1910=EDGE_LOOP('',(#539,#540,#541,#542));
#1911=EDGE_LOOP('',(#543,#544,#545,#546));
#1912=EDGE_LOOP('',(#547,#548,#549,#550));
#1913=EDGE_LOOP('',(#551,#552,#553,#554));
#1914=EDGE_LOOP('',(#555,#556,#557,#558));
#1915=EDGE_LOOP('',(#559,#560,#561,#562));
#1916=EDGE_LOOP('',(#563,#564,#565,#566));
#1917=EDGE_LOOP('',(#567,#568,#569,#570));
#1918=EDGE_LOOP('',(#571,#572,#573,#574));
#1919=EDGE_LOOP('',(#575,#576,#577,#578));
#1920=EDGE_LOOP('',(#579,#580,#581,#582));
#1921=EDGE_LOOP('',(#583,#584,#585,#586));
#1922=EDGE_LOOP('',(#587,#588,#589,#590));
#1923=EDGE_LOOP('',(#591,#592,#593,#594));
#1924=EDGE_LOOP('',(#595,#596,#597,#598));
#1925=EDGE_LOOP('',(#599,#600,#601,#602));
#1926=EDGE_LOOP('',(#603,#604,#605,#606));
#1927=EDGE_LOOP('',(#607,#608,#609,#610));
#1928=EDGE_LOOP('',(#611,#612,#613,#614));
#1929=EDGE_LOOP('',(#615,#616,#617,#618));
#1930=EDGE_LOOP('',(#619,#620,#621,#622));
#1931=EDGE_LOOP('',(#623,#624,#625,#626));
#1932=EDGE_LOOP('',(#627,#628,#629,#630));
#1933=EDGE_LOOP('',(#631,#632,#633,#634));
#1934=EDGE_LOOP('',(#635,#636,#637,#638));
#1935=EDGE_LOOP('',(#639,#640,#641,#642));
#1936=EDGE_LOOP('',(#643,#644,#645,#646));
#1937=EDGE_LOOP('',(#647,#648,#649,#650));
#1938=EDGE_LOOP('',(#651,#652,#653,#654));
#1939=FACE_BOUND('',#1799,.T.);
#1940=FACE_BOUND('',#1800,.T.);
#1941=FACE_BOUND('',#1801,.T.);
#1942=FACE_BOUND('',#1802,.T.);
#1943=FACE_BOUND('',#1803,.T.);
#1944=FACE_BOUND('',#1804,.T.);
#1945=FACE_BOUND('',#1805,.T.);
#1946=FACE_BOUND('',#1806,.T.);
#1947=FACE_BOUND('',#1807,.T.);
#1948=FACE_BOUND('',#1808,.T.);
#1949=FACE_BOUND('',#1809,.T.);
#1950=FACE_BOUND('',#1810,.T.);
#1951=FACE_BOUND('',#1811,.T.);
#1952=FACE_BOUND('',#1812,.T.);
#1953=FACE_BOUND('',#1813,.T.);
#1954=FACE_BOUND('',#1814,.T.);
#1955=FACE_BOUND('',#1815,.T.);
#1956=FACE_BOUND('',#1816,.T.);
#1957=FACE_BOUND('',#1817,.T.);
#1958=FACE_BOUND('',#1818,.T.);
#1959=FACE_BOUND('',#1819,.T.);
#1960=FACE_BOUND('',#1820,.T.);
#1961=FACE_BOUND('',#1821,.T.);
#1962=FACE_BOUND('',#1822,.T.);
#1963=FACE_BOUND('',#1823,.T.);
#1964=FACE_BOUND('',#1824,.T.);
#1965=FACE_BOUND('',#1825,.T.);
#1966=FACE_BOUND('',#1826,.T.);
#1967=FACE_BOUND('',#1827,.T.);
#1968=FACE_BOUND('',#1828,.T.);
#1969=FACE_BOUND('',#1829,.T.);
#1970=FACE_BOUND('',#1830,.T.);
#1971=FACE_BOUND('',#1831,.T.);
#1972=FACE_BOUND('',#1832,.T.);
#1973=FACE_BOUND('',#1833,.T.);
#1974=FACE_BOUND('',#1834,.T.);
#1975=FACE_BOUND('',#1835,.T.);
#1976=FACE_BOUND('',#1836,.T.);
#1977=FACE_BOUND('',#1837,.T.);
#1978=FACE_BOUND('',#1838,.T.);
#1979=FACE_BOUND('',#1839,.T.);
#1980=FACE_BOUND('',#1840,.T.);
#1981=FACE_BOUND('',#1841,.T.);
#1982=FACE_BOUND('',#1842,.T.);
#1983=FACE_BOUND('',#1843,.T.);
#1984=FACE_BOUND('',#1844,.T.);
#1985=FACE_BOUND('',#1845,.T.);
#1986=FACE_BOUND('',#1846,.T.);
#1987=FACE_BOUND('',#1847,.T.);
#1988=FACE_BOUND('',#1848,.T.);
#1989=FACE_BOUND('',#1849,.T.);
#1990=FACE_BOUND('',#1850,.T.);
#1991=FACE_BOUND('',#1851,.T.);
#1992=FACE_BOUND('',#1852,.T.);
#1993=FACE_BOUND('',#1853,.T.);
#1994=FACE_BOUND('',#1854,.T.);
#1995=FACE_BOUND('',#1855,.T.);
#1996=FACE_BOUND('',#1856,.T.);
#1997=FACE_BOUND('',#1857,.T.);
#1998=FACE_BOUND('',#1858,.T.);
#1999=FACE_BOUND('',#1859,.T.);
#2000=FACE_BOUND('',#1860,.T.);
#2001=FACE_BOUND('',#1861,.T.);
#2002=FACE_BOUND('',#1862,.T.);
#2003=FACE_BOUND('',#1863,.T.);
#2004=FACE_BOUND('',#1864,.T.);
#2005=FACE_BOUND('',#1865,.T.);
#2006=FACE_BOUND('',#1866,.T.);
#2007=FACE_BOUND('',#1867,.T.);
#2008=FACE_BOUND('',#1868,.T.);
#2009=FACE_BOUND('',#1869,.T.);
#2010=FACE_BOUND('',#1870,.T.);
#2011=FACE_BOUND('',#1871,.T.);
#2012=FACE_BOUND('',#1872,.T.);
#2013=FACE_BOUND('',#1873,.T.);
#2014=FACE_BOUND('',#1874,.T.);
#2015=FACE_BOUND('',#1875,.T.);
#2016=FACE_BOUND('',#1876,.T.);
#2017=FACE_BOUND('',#1877,.T.);
#2018=FACE_BOUND('',#1878,.T.);
#2019=FACE_BOUND('',#1879,.T.);
#2020=FACE_BOUND('',#1880,.T.);
#2021=FACE_BOUND('',#1881,.T.);
#2022=FACE_BOUND('',#1882,.T.);
#2023=FACE_BOUND('',#1883,.T.);
#2024=FACE_BOUND('',#1884,.T.);
#2025=FACE_BOUND('',#1885,.T.);
#2026=FACE_BOUND('',#1886,.T.);
#2027=FACE_BOUND('',#1887,.T.);
#2028=FACE_BOUND('',#1888,.T.);
#2029=FACE_BOUND('',#1889,.T.);
#2030=FACE_BOUND('',#1890,.T.);
#2031=FACE_BOUND('',#1891,.T.);
#2032=FACE_BOUND('',#1892,.T.);
#2033=FACE_BOUND('',#1893,.T.);
#2034=FACE_BOUND('',#1894,.T.);
#2035=FACE_BOUND('',#1895,.T.);
#2036=FACE_BOUND('',#1896,.T.);
#2037=FACE_BOUND('',#1897,.T.);
#2038=FACE_BOUND('',#1898,.T.);
#2039=FACE_BOUND('',#1899,.T.);
#2040=FACE_BOUND('',#1900,.T.);
#2041=FACE_BOUND('',#1901,.T.);
#2042=FACE_BOUND('',#1902,.T.);
#2043=FACE_BOUND('',#1903,.T.);
#2044=FACE_BOUND('',#1904,.T.);
#2045=FACE_BOUND('',#1905,.T.);
#2046=FACE_BOUND('',#1906,.T.);
#2047=FACE_BOUND('',#1907,.T.);
#2048=FACE_BOUND('',#1908,.T.);
#2049=FACE_BOUND('',#1909,.T.);
#2050=FACE_BOUND('',#1910,.T.);
#2051=FACE_BOUND('',#1911,.T.);
#2052=FACE_BOUND('',#1912,.T.);
#2053=FACE_BOUND('',#1913,.T.);
#2054=FACE_BOUND('',#1914,.T.);
#2055=FACE_BOUND('',#1915,.T.);
#2056=FACE_BOUND('',#1916,.T.);
#2057=FACE_BOUND('',#1917,.T.);
#2058=FACE_BOUND('',#1918,.T.);
#2059=FACE_BOUND('',#1919,.T.);
#2060=FACE_BOUND('',#1920,.T.);
#2061=FACE_BOUND('',#1921,.T.);
#2062=FACE_BOUND('',#1922,.T.);
#2063=FACE_BOUND('',#1923,.T.);
#2064=FACE_BOUND('',#1924,.T.);
#2065=FACE_BOUND('',#1925,.T.);
#2066=FACE_BOUND('',#1926,.T.);
#2067=FACE_BOUND('',#1927,.T.);
#2068=FACE_BOUND('',#1928,.T.);
#2069=FACE_BOUND('',#1929,.T.);
#2070=FACE_BOUND('',#1930,.T.);
#2071=FACE_BOUND('',#1931,.T.);
#2072=FACE_BOUND('',#1932,.T.);
#2073=FACE_BOUND('',#1933,.T.);
#2074=FACE_BOUND('',#1934,.T.);
#2075=FACE_BOUND('',#1935,.T.);
#2076=FACE_BOUND('',#1936,.T.);
#2077=FACE_BOUND('',#1937,.T.);
#2078=FACE_BOUND('',#1938,.T.);
#2079=PLANE('',#2337);
#2080=PLANE('',#2338);
#2081=PLANE('',#2339);
#2082=PLANE('',#2340);
#2083=PLANE('',#2341);
#2084=PLANE('',#2342);
#2085=PLANE('',#2343);
#2086=PLANE('',#2344);
#2087=PLANE('',#2345);
#2088=PLANE('',#2346);
#2089=PLANE('',#2347);
#2090=PLANE('',#2348);
#2091=PLANE('',#2349);
#2092=PLANE('',#2350);
#2093=PLANE('',#2351);
#2094=PLANE('',#2352);
#2095=PLANE('',#2353);
#2096=PLANE('',#2354);
#2097=PLANE('',#2355);
#2098=PLANE('',#2356);
#2099=PLANE('',#2357);
#2100=PLANE('',#2358);
#2101=PLANE('',#2359);
#2102=PLANE('',#2360);
#2103=PLANE('',#2361);
#2104=PLANE('',#2362);
#2105=PLANE('',#2363);
#2106=PLANE('',#2364);
#2107=PLANE('',#2365);
#2108=PLANE('',#2366);
#2109=PLANE('',#2367);
#2110=PLANE('',#2368);
#2111=PLANE('',#2369);
#2112=PLANE('',#2370);
#2113=PLANE('',#2371);
#2114=PLANE('',#2372);
#2115=PLANE('',#2373);
#2116=PLANE('',#2374);
#2117=PLANE('',#2375);
#2118=PLANE('',#2376);
#2119=PLANE('',#2377);
#2120=PLANE('',#2378);
#2121=PLANE('',#2379);
#2122=PLANE('',#2380);
#2123=PLANE('',#2381);
#2124=PLANE('',#2382);
#2125=PLANE('',#2383);
#2126=PLANE('',#2384);
#2127=PLANE('',#2385);
#2128=PLANE('',#2386);
#2129=PLANE('',#2387);
#2130=PLANE('',#2388);
#2131=PLANE('',#2389);
#2132=PLANE('',#2390);
#2133=PLANE('',#2392);
#2134=PLANE('',#2393);
#2135=PLANE('',#2394);
#2136=PLANE('',#2395);
#2137=PLANE('',#2396);
#2138=PLANE('',#2397);
#2139=PLANE('',#2398);
#2140=PLANE('',#2399);
#2141=PLANE('',#2400);
#2142=PLANE('',#2401);
#2143=PLANE('',#2402);
#2144=PLANE('',#2403);
#2145=PLANE('',#2404);
#2146=PLANE('',#2405);
#2147=PLANE('',#2406);
#2148=PLANE('',#2407);
#2149=PLANE('',#2408);
#2150=PLANE('',#2409);
#2151=PLANE('',#2410);
#2152=PLANE('',#2411);
#2153=PLANE('',#2412);
#2154=PLANE('',#2413);
#2155=PLANE('',#2414);
#2156=PLANE('',#2415);
#2157=PLANE('',#2416);
#2158=PLANE('',#2417);
#2159=PLANE('',#2418);
#2160=PLANE('',#2419);
#2161=PLANE('',#2420);
#2162=PLANE('',#2421);
#2163=PLANE('',#2422);
#2164=PLANE('',#2423);
#2165=PLANE('',#2424);
#2166=PLANE('',#2425);
#2167=PLANE('',#2426);
#2168=PLANE('',#2427);
#2169=PLANE('',#2428);
#2170=PLANE('',#2429);
#2171=PLANE('',#2430);
#2172=PLANE('',#2431);
#2173=PLANE('',#2432);
#2174=PLANE('',#2433);
#2175=PLANE('',#2434);
#2176=PLANE('',#2435);
#2177=PLANE('',#2436);
#2178=PLANE('',#2437);
#2179=PLANE('',#2438);
#2180=PLANE('',#2439);
#2181=PLANE('',#2440);
#2182=PLANE('',#2441);
#2183=PLANE('',#2442);
#2184=PLANE('',#2443);
#2185=PLANE('',#2444);
#2186=PLANE('',#2445);
#2187=PLANE('',#2446);
#2188=PLANE('',#2447);
#2189=PLANE('',#2448);
#2190=PLANE('',#2449);
#2191=PLANE('',#2450);
#2192=PLANE('',#2451);
#2193=PLANE('',#2452);
#2194=PLANE('',#2453);
#2195=ADVANCED_FACE('',(#1939),#2079,.F.);
#2196=ADVANCED_FACE('',(#1940),#2080,.F.);
#2197=ADVANCED_FACE('',(#1941),#2081,.T.);
#2198=ADVANCED_FACE('',(#1942),#2082,.T.);
#2199=ADVANCED_FACE('',(#1943),#2083,.T.);
#2200=ADVANCED_FACE('',(#1944),#2084,.T.);
#2201=ADVANCED_FACE('',(#1945),#2085,.T.);
#2202=ADVANCED_FACE('',(#1946),#2086,.T.);
#2203=ADVANCED_FACE('',(#1947),#2087,.T.);
#2204=ADVANCED_FACE('',(#1948),#2088,.T.);
#2205=ADVANCED_FACE('',(#1949),#2089,.T.);
#2206=ADVANCED_FACE('',(#1950),#2090,.T.);
#2207=ADVANCED_FACE('',(#1951),#2091,.T.);
#2208=ADVANCED_FACE('',(#1952),#2092,.T.);
#2209=ADVANCED_FACE('',(#1953),#2093,.T.);
#2210=ADVANCED_FACE('',(#1954),#2094,.T.);
#2211=ADVANCED_FACE('',(#1955),#2095,.T.);
#2212=ADVANCED_FACE('',(#1956),#2096,.T.);
#2213=ADVANCED_FACE('',(#1957),#2097,.T.);
#2214=ADVANCED_FACE('',(#1958),#2098,.T.);
#2215=ADVANCED_FACE('',(#1959),#2099,.T.);
#2216=ADVANCED_FACE('',(#1960),#2100,.T.);
#2217=ADVANCED_FACE('',(#1961),#2101,.T.);
#2218=ADVANCED_FACE('',(#1962),#2102,.T.);
#2219=ADVANCED_FACE('',(#1963),#2103,.T.);
#2220=ADVANCED_FACE('',(#1964),#2104,.T.);
#2221=ADVANCED_FACE('',(#1965),#2105,.T.);
#2222=ADVANCED_FACE('',(#1966),#2106,.T.);
#2223=ADVANCED_FACE('',(#1967),#2107,.T.);
#2224=ADVANCED_FACE('',(#1968),#2108,.T.);
#2225=ADVANCED_FACE('',(#1969),#2109,.T.);
#2226=ADVANCED_FACE('',(#1970),#2110,.T.);
#2227=ADVANCED_FACE('',(#1971),#2111,.T.);
#2228=ADVANCED_FACE('',(#1972),#2112,.T.);
#2229=ADVANCED_FACE('',(#1973),#2113,.F.);
#2230=ADVANCED_FACE('',(#1974),#2114,.F.);
#2231=ADVANCED_FACE('',(#1975),#2115,.F.);
#2232=ADVANCED_FACE('',(#1976),#2116,.F.);
#2233=ADVANCED_FACE('',(#1977),#2117,.F.);
#2234=ADVANCED_FACE('',(#1978),#2118,.F.);
#2235=ADVANCED_FACE('',(#1979),#2119,.F.);
#2236=ADVANCED_FACE('',(#1980,#1981,#1982,#1983,#1984,#1985,#1986,#1987,
#1988),#2120,.T.);
#2237=ADVANCED_FACE('',(#1989),#2121,.T.);
#2238=ADVANCED_FACE('',(#1990),#2122,.T.);
#2239=ADVANCED_FACE('',(#1991,#1992,#1993),#2123,.T.);
#2240=ADVANCED_FACE('',(#1994),#2124,.T.);
#2241=ADVANCED_FACE('',(#1995),#2125,.T.);
#2242=ADVANCED_FACE('',(#1996,#1997,#1998),#2126,.T.);
#2243=ADVANCED_FACE('',(#1999),#2127,.T.);
#2244=ADVANCED_FACE('',(#2000),#2128,.T.);
#2245=ADVANCED_FACE('',(#2001,#2002,#2003),#2129,.T.);
#2246=ADVANCED_FACE('',(#2004,#2005,#2006),#2130,.T.);
#2247=ADVANCED_FACE('',(#2007),#2131,.T.);
#2248=ADVANCED_FACE('',(#2008),#2132,.T.);
#2249=ADVANCED_FACE('',(#2009),#2133,.F.);
#2250=ADVANCED_FACE('',(#2010),#2134,.F.);
#2251=ADVANCED_FACE('',(#2011),#2135,.F.);
#2252=ADVANCED_FACE('',(#2012),#2136,.F.);
#2253=ADVANCED_FACE('',(#2013),#2137,.F.);
#2254=ADVANCED_FACE('',(#2014),#2138,.F.);
#2255=ADVANCED_FACE('',(#2015),#2139,.F.);
#2256=ADVANCED_FACE('',(#2016),#2140,.F.);
#2257=ADVANCED_FACE('',(#2017),#2141,.F.);
#2258=ADVANCED_FACE('',(#2018),#2142,.F.);
#2259=ADVANCED_FACE('',(#2019),#2143,.F.);
#2260=ADVANCED_FACE('',(#2020),#2144,.F.);
#2261=ADVANCED_FACE('',(#2021),#2145,.F.);
#2262=ADVANCED_FACE('',(#2022),#2146,.F.);
#2263=ADVANCED_FACE('',(#2023),#2147,.F.);
#2264=ADVANCED_FACE('',(#2024),#2148,.F.);
#2265=ADVANCED_FACE('',(#2025),#2149,.F.);
#2266=ADVANCED_FACE('',(#2026),#2150,.F.);
#2267=ADVANCED_FACE('',(#2027),#2151,.F.);
#2268=ADVANCED_FACE('',(#2028),#2152,.F.);
#2269=ADVANCED_FACE('',(#2029),#2153,.F.);
#2270=ADVANCED_FACE('',(#2030),#2154,.F.);
#2271=ADVANCED_FACE('',(#2031),#2155,.F.);
#2272=ADVANCED_FACE('',(#2032),#2156,.F.);
#2273=ADVANCED_FACE('',(#2033),#2157,.T.);
#2274=ADVANCED_FACE('',(#2034),#2158,.T.);
#2275=ADVANCED_FACE('',(#2035),#2159,.T.);
#2276=ADVANCED_FACE('',(#2036),#2160,.T.);
#2277=ADVANCED_FACE('',(#2037),#2161,.T.);
#2278=ADVANCED_FACE('',(#2038),#2162,.T.);
#2279=ADVANCED_FACE('',(#2039),#2163,.T.);
#2280=ADVANCED_FACE('',(#2040),#2164,.T.);
#2281=ADVANCED_FACE('',(#2041),#2165,.T.);
#2282=ADVANCED_FACE('',(#2042),#2166,.T.);
#2283=ADVANCED_FACE('',(#2043),#2167,.T.);
#2284=ADVANCED_FACE('',(#2044),#2168,.T.);
#2285=ADVANCED_FACE('',(#2045),#2169,.T.);
#2286=ADVANCED_FACE('',(#2046),#2170,.T.);
#2287=ADVANCED_FACE('',(#2047),#2171,.T.);
#2288=ADVANCED_FACE('',(#2048),#2172,.T.);
#2289=ADVANCED_FACE('',(#2049),#2173,.T.);
#2290=ADVANCED_FACE('',(#2050),#2174,.F.);
#2291=ADVANCED_FACE('',(#2051),#2175,.F.);
#2292=ADVANCED_FACE('',(#2052,#2053,#2054,#2055,#2056,#2057,#2058,#2059,
#2060),#2176,.F.);
#2293=ADVANCED_FACE('',(#2061),#2177,.F.);
#2294=ADVANCED_FACE('',(#2062),#2178,.F.);
#2295=ADVANCED_FACE('',(#2063),#2179,.T.);
#2296=ADVANCED_FACE('',(#2064),#2180,.T.);
#2297=ADVANCED_FACE('',(#2065),#2181,.T.);
#2298=ADVANCED_FACE('',(#2066),#2182,.T.);
#2299=ADVANCED_FACE('',(#2067),#2183,.T.);
#2300=ADVANCED_FACE('',(#2068),#2184,.T.);
#2301=ADVANCED_FACE('',(#2069),#2185,.T.);
#2302=ADVANCED_FACE('',(#2070),#2186,.T.);
#2303=ADVANCED_FACE('',(#2071),#2187,.T.);
#2304=ADVANCED_FACE('',(#2072),#2188,.T.);
#2305=ADVANCED_FACE('',(#2073),#2189,.T.);
#2306=ADVANCED_FACE('',(#2074),#2190,.T.);
#2307=ADVANCED_FACE('',(#2075),#2191,.T.);
#2308=ADVANCED_FACE('',(#2076),#2192,.T.);
#2309=ADVANCED_FACE('',(#2077),#2193,.T.);
#2310=ADVANCED_FACE('',(#2078),#2194,.T.);
#2311=CLOSED_SHELL('',(#2195,#2196,#2197,#2198,#2199,#2200,#2201,#2202,
#2203,#2204,#2205,#2206,#2207,#2208,#2209,#2210,#2211,#2212,#2213,#2214,
#2215,#2216,#2217,#2218,#2219,#2220,#2221,#2222,#2223,#2224,#2225,#2226,
#2227,#2228,#2229,#2230,#2231,#2232,#2233,#2234,#2235,#2236,#2237,#2238,
#2239,#2240,#2241,#2242,#2243,#2244,#2245,#2246,#2247,#2248));
#2312=CLOSED_SHELL('',(#2249,#2250,#2251,#2252,#2253,#2254,#2255,#2256,
#2257,#2258,#2259,#2260,#2261,#2262,#2263,#2264,#2265,#2266,#2267,#2268,
#2269,#2270,#2271,#2272,#2273,#2274,#2275,#2276,#2277,#2278,#2279,#2280,
#2281,#2282,#2283,#2284,#2285,#2286,#2287,#2288,#2289,#2290,#2291,#2292,
#2293,#2294,#2295,#2296,#2297,#2298,#2299,#2300,#2301,#2302,#2303,#2304,
#2305,#2306,#2307,#2308,#2309,#2310));
#2313=STYLED_ITEM('',(#2315),#2328);
#2314=STYLED_ITEM('',(#2316),#2329);
#2315=PRESENTATION_STYLE_ASSIGNMENT((#2317));
#2316=PRESENTATION_STYLE_ASSIGNMENT((#2318));
#2317=SURFACE_STYLE_USAGE(.BOTH.,#2319);
#2318=SURFACE_STYLE_USAGE(.BOTH.,#2320);
#2319=SURFACE_SIDE_STYLE('',(#2321));
#2320=SURFACE_SIDE_STYLE('',(#2322));
#2321=SURFACE_STYLE_FILL_AREA(#2323);
#2322=SURFACE_STYLE_FILL_AREA(#2324);
#2323=FILL_AREA_STYLE('',(#2325));
#2324=FILL_AREA_STYLE('',(#2326));
#2325=FILL_AREA_STYLE_COLOUR('',#2327);
#2326=FILL_AREA_STYLE_COLOUR('',#18);
#2327=COLOUR_RGB('',0.689999997615814,0.689999997615814,0.689999997615814);
#2328=MANIFOLD_SOLID_BREP('T1SSW-104-01-G-D',#2311);
#2329=MANIFOLD_SOLID_BREP('P2SSW-104-01-G-D',#2312);
#2330=SHAPE_DEFINITION_REPRESENTATION(#3657,#2333);
#2331=SHAPE_DEFINITION_REPRESENTATION(#3658,#2334);
#2332=SHAPE_DEFINITION_REPRESENTATION(#3660,#2335);
#2333=SHAPE_REPRESENTATION('SSW-104-01-G-D',(#2336,#2391,#2454),#3645);
#2334=SHAPE_REPRESENTATION('T1SSW-104-01-G-D',(#2336),#3646);
#2335=SHAPE_REPRESENTATION('P2SSW-104-01-G-D',(#2336),#3647);
#2336=AXIS2_PLACEMENT_3D('',#3005,#2455,#2456);
#2337=AXIS2_PLACEMENT_3D('',#3006,#2457,#2458);
#2338=AXIS2_PLACEMENT_3D('',#3047,#2479,#2480);
#2339=AXIS2_PLACEMENT_3D('',#3088,#2501,#2502);
#2340=AXIS2_PLACEMENT_3D('',#3097,#2507,#2508);
#2341=AXIS2_PLACEMENT_3D('',#3103,#2512,#2513);
#2342=AXIS2_PLACEMENT_3D('',#3109,#2517,#2518);
#2343=AXIS2_PLACEMENT_3D('',#3118,#2523,#2524);
#2344=AXIS2_PLACEMENT_3D('',#3124,#2528,#2529);
#2345=AXIS2_PLACEMENT_3D('',#3130,#2533,#2534);
#2346=AXIS2_PLACEMENT_3D('',#3139,#2539,#2540);
#2347=AXIS2_PLACEMENT_3D('',#3145,#2544,#2545);
#2348=AXIS2_PLACEMENT_3D('',#3151,#2549,#2550);
#2349=AXIS2_PLACEMENT_3D('',#3160,#2555,#2556);
#2350=AXIS2_PLACEMENT_3D('',#3166,#2560,#2561);
#2351=AXIS2_PLACEMENT_3D('',#3172,#2565,#2566);
#2352=AXIS2_PLACEMENT_3D('',#3181,#2571,#2572);
#2353=AXIS2_PLACEMENT_3D('',#3187,#2576,#2577);
#2354=AXIS2_PLACEMENT_3D('',#3193,#2581,#2582);
#2355=AXIS2_PLACEMENT_3D('',#3202,#2587,#2588);
#2356=AXIS2_PLACEMENT_3D('',#3208,#2592,#2593);
#2357=AXIS2_PLACEMENT_3D('',#3214,#2597,#2598);
#2358=AXIS2_PLACEMENT_3D('',#3223,#2603,#2604);
#2359=AXIS2_PLACEMENT_3D('',#3229,#2608,#2609);
#2360=AXIS2_PLACEMENT_3D('',#3235,#2613,#2614);
#2361=AXIS2_PLACEMENT_3D('',#3244,#2619,#2620);
#2362=AXIS2_PLACEMENT_3D('',#3250,#2624,#2625);
#2363=AXIS2_PLACEMENT_3D('',#3256,#2629,#2630);
#2364=AXIS2_PLACEMENT_3D('',#3259,#2633,#2634);
#2365=AXIS2_PLACEMENT_3D('',#3262,#2637,#2638);
#2366=AXIS2_PLACEMENT_3D('',#3265,#2641,#2642);
#2367=AXIS2_PLACEMENT_3D('',#3268,#2645,#2646);
#2368=AXIS2_PLACEMENT_3D('',#3271,#2649,#2650);
#2369=AXIS2_PLACEMENT_3D('',#3274,#2653,#2654);
#2370=AXIS2_PLACEMENT_3D('',#3277,#2657,#2658);
#2371=AXIS2_PLACEMENT_3D('',#3280,#2661,#2662);
#2372=AXIS2_PLACEMENT_3D('',#3283,#2665,#2666);
#2373=AXIS2_PLACEMENT_3D('',#3286,#2669,#2670);
#2374=AXIS2_PLACEMENT_3D('',#3289,#2673,#2674);
#2375=AXIS2_PLACEMENT_3D('',#3292,#2677,#2678);
#2376=AXIS2_PLACEMENT_3D('',#3295,#2681,#2682);
#2377=AXIS2_PLACEMENT_3D('',#3297,#2684,#2685);
#2378=AXIS2_PLACEMENT_3D('',#3299,#2687,#2688);
#2379=AXIS2_PLACEMENT_3D('',#3300,#2689,#2690);
#2380=AXIS2_PLACEMENT_3D('',#3302,#2692,#2693);
#2381=AXIS2_PLACEMENT_3D('',#3304,#2695,#2696);
#2382=AXIS2_PLACEMENT_3D('',#3305,#2697,#2698);
#2383=AXIS2_PLACEMENT_3D('',#3307,#2700,#2701);
#2384=AXIS2_PLACEMENT_3D('',#3309,#2703,#2704);
#2385=AXIS2_PLACEMENT_3D('',#3310,#2705,#2706);
#2386=AXIS2_PLACEMENT_3D('',#3312,#2708,#2709);
#2387=AXIS2_PLACEMENT_3D('',#3314,#2711,#2712);
#2388=AXIS2_PLACEMENT_3D('',#3315,#2713,#2714);
#2389=AXIS2_PLACEMENT_3D('',#3318,#2717,#2718);
#2390=AXIS2_PLACEMENT_3D('',#3319,#2719,#2720);
#2391=AXIS2_PLACEMENT_3D('',#3320,#2721,#2722);
#2392=AXIS2_PLACEMENT_3D('',#3321,#2723,#2724);
#2393=AXIS2_PLACEMENT_3D('',#3334,#2731,#2732);
#2394=AXIS2_PLACEMENT_3D('',#3347,#2739,#2740);
#2395=AXIS2_PLACEMENT_3D('',#3360,#2747,#2748);
#2396=AXIS2_PLACEMENT_3D('',#3373,#2755,#2756);
#2397=AXIS2_PLACEMENT_3D('',#3386,#2763,#2764);
#2398=AXIS2_PLACEMENT_3D('',#3399,#2771,#2772);
#2399=AXIS2_PLACEMENT_3D('',#3412,#2779,#2780);
#2400=AXIS2_PLACEMENT_3D('',#3425,#2787,#2788);
#2401=AXIS2_PLACEMENT_3D('',#3431,#2792,#2793);
#2402=AXIS2_PLACEMENT_3D('',#3437,#2797,#2798);
#2403=AXIS2_PLACEMENT_3D('',#3443,#2802,#2803);
#2404=AXIS2_PLACEMENT_3D('',#3449,#2807,#2808);
#2405=AXIS2_PLACEMENT_3D('',#3459,#2814,#2815);
#2406=AXIS2_PLACEMENT_3D('',#3469,#2821,#2822);
#2407=AXIS2_PLACEMENT_3D('',#3479,#2828,#2829);
#2408=AXIS2_PLACEMENT_3D('',#3489,#2835,#2836);
#2409=AXIS2_PLACEMENT_3D('',#3502,#2843,#2844);
#2410=AXIS2_PLACEMENT_3D('',#3515,#2851,#2852);
#2411=AXIS2_PLACEMENT_3D('',#3528,#2859,#2860);
#2412=AXIS2_PLACEMENT_3D('',#3541,#2867,#2868);
#2413=AXIS2_PLACEMENT_3D('',#3544,#2871,#2872);
#2414=AXIS2_PLACEMENT_3D('',#3547,#2875,#2876);
#2415=AXIS2_PLACEMENT_3D('',#3550,#2879,#2880);
#2416=AXIS2_PLACEMENT_3D('',#3553,#2883,#2884);
#2417=AXIS2_PLACEMENT_3D('',#3556,#2887,#2888);
#2418=AXIS2_PLACEMENT_3D('',#3559,#2891,#2892);
#2419=AXIS2_PLACEMENT_3D('',#3562,#2895,#2896);
#2420=AXIS2_PLACEMENT_3D('',#3565,#2899,#2900);
#2421=AXIS2_PLACEMENT_3D('',#3568,#2903,#2904);
#2422=AXIS2_PLACEMENT_3D('',#3571,#2907,#2908);
#2423=AXIS2_PLACEMENT_3D('',#3574,#2911,#2912);
#2424=AXIS2_PLACEMENT_3D('',#3577,#2915,#2916);
#2425=AXIS2_PLACEMENT_3D('',#3580,#2919,#2920);
#2426=AXIS2_PLACEMENT_3D('',#3583,#2923,#2924);
#2427=AXIS2_PLACEMENT_3D('',#3586,#2927,#2928);
#2428=AXIS2_PLACEMENT_3D('',#3589,#2931,#2932);
#2429=AXIS2_PLACEMENT_3D('',#3592,#2935,#2936);
#2430=AXIS2_PLACEMENT_3D('',#3595,#2939,#2940);
#2431=AXIS2_PLACEMENT_3D('',#3598,#2943,#2944);
#2432=AXIS2_PLACEMENT_3D('',#3601,#2947,#2948);
#2433=AXIS2_PLACEMENT_3D('',#3610,#2953,#2954);
#2434=AXIS2_PLACEMENT_3D('',#3619,#2959,#2960);
#2435=AXIS2_PLACEMENT_3D('',#3622,#2963,#2964);
#2436=AXIS2_PLACEMENT_3D('',#3625,#2967,#2968);
#2437=AXIS2_PLACEMENT_3D('',#3626,#2969,#2970);
#2438=AXIS2_PLACEMENT_3D('',#3627,#2971,#2972);
#2439=AXIS2_PLACEMENT_3D('',#3628,#2973,#2974);
#2440=AXIS2_PLACEMENT_3D('',#3629,#2975,#2976);
#2441=AXIS2_PLACEMENT_3D('',#3630,#2977,#2978);
#2442=AXIS2_PLACEMENT_3D('',#3631,#2979,#2980);
#2443=AXIS2_PLACEMENT_3D('',#3632,#2981,#2982);
#2444=AXIS2_PLACEMENT_3D('',#3633,#2983,#2984);
#2445=AXIS2_PLACEMENT_3D('',#3634,#2985,#2986);
#2446=AXIS2_PLACEMENT_3D('',#3635,#2987,#2988);
#2447=AXIS2_PLACEMENT_3D('',#3636,#2989,#2990);
#2448=AXIS2_PLACEMENT_3D('',#3637,#2991,#2992);
#2449=AXIS2_PLACEMENT_3D('',#3638,#2993,#2994);
#2450=AXIS2_PLACEMENT_3D('',#3639,#2995,#2996);
#2451=AXIS2_PLACEMENT_3D('',#3640,#2997,#2998);
#2452=AXIS2_PLACEMENT_3D('',#3641,#2999,#3000);
#2453=AXIS2_PLACEMENT_3D('',#3642,#3001,#3002);
#2454=AXIS2_PLACEMENT_3D('',#3643,#3003,#3004);
#2455=DIRECTION('',(0.,0.,1.));
#2456=DIRECTION('',(1.,0.,0.));
#2457=DIRECTION('',(0.,0.,1.));
#2458=DIRECTION('',(1.,0.,0.));
#2459=DIRECTION('',(0.,-1.,0.));
#2460=DIRECTION('',(1.,5.33564061262551E-17,0.));
#2461=DIRECTION('',(0.,1.,0.));
#2462=DIRECTION('',(-1.,0.,0.));
#2463=DIRECTION('',(0.,-1.,0.));
#2464=DIRECTION('',(1.,5.33564061262551E-17,0.));
#2465=DIRECTION('',(0.,1.,0.));
#2466=DIRECTION('',(-1.,0.,0.));
#2467=DIRECTION('',(0.,-1.,0.));
#2468=DIRECTION('',(1.,5.33564061262551E-17,0.));
#2469=DIRECTION('',(0.,1.,0.));
#2470=DIRECTION('',(-1.,0.,0.));
#2471=DIRECTION('',(0.,-1.,0.));
#2472=DIRECTION('',(1.,5.33564061262552E-17,0.));
#2473=DIRECTION('',(0.,1.,0.));
#2474=DIRECTION('',(-1.,0.,0.));
#2475=DIRECTION('',(0.,-1.,0.));
#2476=DIRECTION('',(-1.,0.,0.));
#2477=DIRECTION('',(0.,-1.,0.));
#2478=DIRECTION('',(-1.,0.,0.));
#2479=DIRECTION('',(0.,0.,-1.));
#2480=DIRECTION('',(-1.,0.,0.));
#2481=DIRECTION('',(0.,1.,0.));
#2482=DIRECTION('',(1.,0.,0.));
#2483=DIRECTION('',(0.,-1.,0.));
#2484=DIRECTION('',(1.,0.,0.));
#2485=DIRECTION('',(0.,-1.,0.));
#2486=DIRECTION('',(1.,0.,0.));
#2487=DIRECTION('',(0.,-1.,0.));
#2488=DIRECTION('',(-1.,-5.33564061262552E-17,0.));
#2489=DIRECTION('',(0.,1.,0.));
#2490=DIRECTION('',(1.,0.,0.));
#2491=DIRECTION('',(0.,-1.,0.));
#2492=DIRECTION('',(-1.,-5.33564061262551E-17,0.));
#2493=DIRECTION('',(0.,1.,0.));
#2494=DIRECTION('',(1.,0.,0.));
#2495=DIRECTION('',(0.,-1.,0.));
#2496=DIRECTION('',(-1.,-5.33564061262551E-17,0.));
#2497=DIRECTION('',(0.,1.,0.));
#2498=DIRECTION('',(1.,0.,0.));
#2499=DIRECTION('',(0.,-1.,0.));
#2500=DIRECTION('',(-1.,-5.33564061262551E-17,0.));
#2501=DIRECTION('',(0.,0.,1.));
#2502=DIRECTION('',(1.,0.,0.));
#2503=DIRECTION('',(0.,-1.,0.));
#2504=DIRECTION('',(1.,5.33564061262551E-17,0.));
#2505=DIRECTION('',(0.,-1.,0.));
#2506=DIRECTION('',(-1.,0.,0.));
#2507=DIRECTION('',(-1.,0.,0.));
#2508=DIRECTION('',(0.,0.,1.));
#2509=DIRECTION('',(0.,0.,1.));
#2510=DIRECTION('',(0.,-1.,0.));
#2511=DIRECTION('',(0.,0.,-1.));
#2512=DIRECTION('',(0.,0.,-1.));
#2513=DIRECTION('',(-1.,0.,0.));
#2514=DIRECTION('',(-1.,-5.33564061262551E-17,0.));
#2515=DIRECTION('',(0.,-1.,0.));
#2516=DIRECTION('',(1.,0.,0.));
#2517=DIRECTION('',(0.,0.,1.));
#2518=DIRECTION('',(1.,0.,0.));
#2519=DIRECTION('',(0.,-1.,0.));
#2520=DIRECTION('',(1.,5.33564061262551E-17,0.));
#2521=DIRECTION('',(0.,-1.,0.));
#2522=DIRECTION('',(-1.,0.,0.));
#2523=DIRECTION('',(-1.,0.,0.));
#2524=DIRECTION('',(0.,0.,1.));
#2525=DIRECTION('',(0.,0.,1.));
#2526=DIRECTION('',(0.,-1.,0.));
#2527=DIRECTION('',(0.,0.,-1.));
#2528=DIRECTION('',(0.,0.,-1.));
#2529=DIRECTION('',(-1.,0.,0.));
#2530=DIRECTION('',(-1.,-5.33564061262551E-17,0.));
#2531=DIRECTION('',(0.,-1.,0.));
#2532=DIRECTION('',(1.,0.,0.));
#2533=DIRECTION('',(0.,0.,1.));
#2534=DIRECTION('',(1.,0.,0.));
#2535=DIRECTION('',(0.,-1.,0.));
#2536=DIRECTION('',(1.,5.33564061262551E-17,0.));
#2537=DIRECTION('',(0.,-1.,0.));
#2538=DIRECTION('',(-1.,0.,0.));
#2539=DIRECTION('',(-1.,0.,0.));
#2540=DIRECTION('',(0.,0.,1.));
#2541=DIRECTION('',(0.,0.,1.));
#2542=DIRECTION('',(0.,-1.,0.));
#2543=DIRECTION('',(0.,0.,-1.));
#2544=DIRECTION('',(0.,0.,-1.));
#2545=DIRECTION('',(-1.,0.,0.));
#2546=DIRECTION('',(-1.,-5.33564061262551E-17,0.));
#2547=DIRECTION('',(0.,-1.,0.));
#2548=DIRECTION('',(1.,0.,0.));
#2549=DIRECTION('',(0.,0.,1.));
#2550=DIRECTION('',(1.,0.,0.));
#2551=DIRECTION('',(0.,-1.,0.));
#2552=DIRECTION('',(1.,5.33564061262551E-17,0.));
#2553=DIRECTION('',(0.,-1.,0.));
#2554=DIRECTION('',(-1.,0.,0.));
#2555=DIRECTION('',(-1.,0.,0.));
#2556=DIRECTION('',(0.,0.,1.));
#2557=DIRECTION('',(0.,0.,1.));
#2558=DIRECTION('',(0.,-1.,0.));
#2559=DIRECTION('',(0.,0.,-1.));
#2560=DIRECTION('',(0.,0.,-1.));
#2561=DIRECTION('',(-1.,0.,0.));
#2562=DIRECTION('',(-1.,-5.33564061262551E-17,0.));
#2563=DIRECTION('',(0.,-1.,0.));
#2564=DIRECTION('',(1.,0.,0.));
#2565=DIRECTION('',(0.,0.,1.));
#2566=DIRECTION('',(1.,0.,0.));
#2567=DIRECTION('',(0.,-1.,0.));
#2568=DIRECTION('',(1.,5.33564061262551E-17,0.));
#2569=DIRECTION('',(0.,-1.,0.));
#2570=DIRECTION('',(-1.,0.,0.));
#2571=DIRECTION('',(-1.,0.,0.));
#2572=DIRECTION('',(0.,0.,1.));
#2573=DIRECTION('',(0.,0.,1.));
#2574=DIRECTION('',(0.,-1.,0.));
#2575=DIRECTION('',(0.,0.,-1.));
#2576=DIRECTION('',(0.,0.,-1.));
#2577=DIRECTION('',(-1.,0.,0.));
#2578=DIRECTION('',(-1.,-5.33564061262551E-17,0.));
#2579=DIRECTION('',(0.,-1.,0.));
#2580=DIRECTION('',(1.,0.,0.));
#2581=DIRECTION('',(0.,0.,1.));
#2582=DIRECTION('',(1.,0.,0.));
#2583=DIRECTION('',(0.,-1.,0.));
#2584=DIRECTION('',(1.,5.33564061262551E-17,0.));
#2585=DIRECTION('',(0.,-1.,0.));
#2586=DIRECTION('',(-1.,0.,0.));
#2587=DIRECTION('',(-1.,0.,0.));
#2588=DIRECTION('',(0.,0.,1.));
#2589=DIRECTION('',(0.,0.,1.));
#2590=DIRECTION('',(0.,-1.,0.));
#2591=DIRECTION('',(0.,0.,-1.));
#2592=DIRECTION('',(0.,0.,-1.));
#2593=DIRECTION('',(-1.,0.,0.));
#2594=DIRECTION('',(-1.,-5.33564061262551E-17,0.));
#2595=DIRECTION('',(0.,-1.,0.));
#2596=DIRECTION('',(1.,0.,0.));
#2597=DIRECTION('',(0.,0.,1.));
#2598=DIRECTION('',(1.,0.,0.));
#2599=DIRECTION('',(0.,-1.,0.));
#2600=DIRECTION('',(1.,5.33564061262552E-17,0.));
#2601=DIRECTION('',(0.,-1.,0.));
#2602=DIRECTION('',(-1.,0.,0.));
#2603=DIRECTION('',(-1.,0.,0.));
#2604=DIRECTION('',(0.,0.,1.));
#2605=DIRECTION('',(0.,0.,1.));
#2606=DIRECTION('',(0.,-1.,0.));
#2607=DIRECTION('',(0.,0.,-1.));
#2608=DIRECTION('',(0.,0.,-1.));
#2609=DIRECTION('',(-1.,0.,0.));
#2610=DIRECTION('',(-1.,-5.33564061262552E-17,0.));
#2611=DIRECTION('',(0.,-1.,0.));
#2612=DIRECTION('',(1.,0.,0.));
#2613=DIRECTION('',(0.,0.,1.));
#2614=DIRECTION('',(1.,0.,0.));
#2615=DIRECTION('',(0.,-1.,0.));
#2616=DIRECTION('',(1.,5.33564061262552E-17,0.));
#2617=DIRECTION('',(0.,-1.,0.));
#2618=DIRECTION('',(-1.,0.,0.));
#2619=DIRECTION('',(-1.,0.,0.));
#2620=DIRECTION('',(0.,0.,1.));
#2621=DIRECTION('',(0.,0.,1.));
#2622=DIRECTION('',(0.,-1.,0.));
#2623=DIRECTION('',(0.,0.,-1.));
#2624=DIRECTION('',(0.,0.,-1.));
#2625=DIRECTION('',(-1.,0.,0.));
#2626=DIRECTION('',(-1.,-5.33564061262552E-17,0.));
#2627=DIRECTION('',(0.,-1.,0.));
#2628=DIRECTION('',(1.,0.,0.));
#2629=DIRECTION('',(1.,0.,0.));
#2630=DIRECTION('',(0.,0.,-1.));
#2631=DIRECTION('',(0.,0.,-1.));
#2632=DIRECTION('',(0.,0.,1.));
#2633=DIRECTION('',(1.,0.,0.));
#2634=DIRECTION('',(0.,0.,-1.));
#2635=DIRECTION('',(0.,0.,-1.));
#2636=DIRECTION('',(0.,0.,1.));
#2637=DIRECTION('',(1.,0.,0.));
#2638=DIRECTION('',(0.,0.,-1.));
#2639=DIRECTION('',(0.,0.,-1.));
#2640=DIRECTION('',(0.,0.,1.));
#2641=DIRECTION('',(1.,0.,0.));
#2642=DIRECTION('',(0.,0.,-1.));
#2643=DIRECTION('',(0.,0.,-1.));
#2644=DIRECTION('',(0.,0.,1.));
#2645=DIRECTION('',(1.,0.,0.));
#2646=DIRECTION('',(0.,0.,-1.));
#2647=DIRECTION('',(0.,0.,-1.));
#2648=DIRECTION('',(0.,0.,1.));
#2649=DIRECTION('',(1.,0.,0.));
#2650=DIRECTION('',(0.,0.,-1.));
#2651=DIRECTION('',(0.,0.,-1.));
#2652=DIRECTION('',(0.,0.,1.));
#2653=DIRECTION('',(1.,0.,0.));
#2654=DIRECTION('',(0.,0.,-1.));
#2655=DIRECTION('',(0.,0.,-1.));
#2656=DIRECTION('',(0.,0.,1.));
#2657=DIRECTION('',(1.,0.,0.));
#2658=DIRECTION('',(0.,0.,-1.));
#2659=DIRECTION('',(0.,0.,-1.));
#2660=DIRECTION('',(0.,0.,1.));
#2661=DIRECTION('',(0.,1.,0.));
#2662=DIRECTION('',(0.,0.,1.));
#2663=DIRECTION('',(0.,0.,-1.));
#2664=DIRECTION('',(0.,0.,1.));
#2665=DIRECTION('',(0.,1.,0.));
#2666=DIRECTION('',(0.,0.,1.));
#2667=DIRECTION('',(0.,0.,1.));
#2668=DIRECTION('',(0.,0.,-1.));
#2669=DIRECTION('',(0.,1.,0.));
#2670=DIRECTION('',(0.,0.,1.));
#2671=DIRECTION('',(0.,0.,-1.));
#2672=DIRECTION('',(0.,0.,1.));
#2673=DIRECTION('',(0.,1.,0.));
#2674=DIRECTION('',(0.,0.,1.));
#2675=DIRECTION('',(0.,0.,-1.));
#2676=DIRECTION('',(0.,0.,1.));
#2677=DIRECTION('',(0.,1.,0.));
#2678=DIRECTION('',(0.,0.,1.));
#2679=DIRECTION('',(0.,0.,-1.));
#2680=DIRECTION('',(0.,0.,1.));
#2681=DIRECTION('',(1.,0.,0.));
#2682=DIRECTION('',(0.,0.,-1.));
#2683=DIRECTION('',(0.,0.,1.));
#2684=DIRECTION('',(-1.,0.,0.));
#2685=DIRECTION('',(0.,0.,1.));
#2686=DIRECTION('',(0.,0.,-1.));
#2687=DIRECTION('',(0.,1.,0.));
#2688=DIRECTION('',(0.,0.,1.));
#2689=DIRECTION('',(-1.,0.,0.));
#2690=DIRECTION('',(0.,0.,1.));
#2691=DIRECTION('',(0.,0.,-1.));
#2692=DIRECTION('',(1.,0.,0.));
#2693=DIRECTION('',(0.,0.,-1.));
#2694=DIRECTION('',(0.,0.,-1.));
#2695=DIRECTION('',(5.33564061262552E-17,-1.,0.));
#2696=DIRECTION('',(1.,5.33564061262552E-17,0.));
#2697=DIRECTION('',(-1.,0.,0.));
#2698=DIRECTION('',(0.,0.,1.));
#2699=DIRECTION('',(0.,0.,-1.));
#2700=DIRECTION('',(1.,0.,0.));
#2701=DIRECTION('',(0.,0.,-1.));
#2702=DIRECTION('',(0.,0.,-1.));
#2703=DIRECTION('',(5.33564061262551E-17,-1.,0.));
#2704=DIRECTION('',(1.,5.33564061262551E-17,0.));
#2705=DIRECTION('',(-1.,0.,0.));
#2706=DIRECTION('',(0.,0.,1.));
#2707=DIRECTION('',(0.,0.,-1.));
#2708=DIRECTION('',(1.,0.,0.));
#2709=DIRECTION('',(0.,0.,-1.));
#2710=DIRECTION('',(0.,0.,-1.));
#2711=DIRECTION('',(5.33564061262551E-17,-1.,0.));
#2712=DIRECTION('',(1.,5.33564061262551E-17,0.));
#2713=DIRECTION('',(5.33564061262551E-17,-1.,0.));
#2714=DIRECTION('',(1.,5.33564061262551E-17,0.));
#2715=DIRECTION('',(0.,0.,-1.));
#2716=DIRECTION('',(0.,0.,-1.));
#2717=DIRECTION('',(-1.,0.,0.));
#2718=DIRECTION('',(0.,0.,1.));
#2719=DIRECTION('',(1.,0.,0.));
#2720=DIRECTION('',(0.,0.,-1.));
#2721=DIRECTION('',(0.,0.,1.));
#2722=DIRECTION('',(1.,0.,0.));
#2723=DIRECTION('',(0.,0.,-1.));
#2724=DIRECTION('',(-1.,0.,0.));
#2725=DIRECTION('',(-0.5,-0.866025403784439,0.));
#2726=DIRECTION('',(0.,-1.,0.));
#2727=DIRECTION('',(1.,0.,0.));
#2728=DIRECTION('',(0.,1.,0.));
#2729=DIRECTION('',(-0.5,0.866025403784439,0.));
#2730=DIRECTION('',(-1.,0.,0.));
#2731=DIRECTION('',(0.,0.,-1.));
#2732=DIRECTION('',(-1.,0.,0.));
#2733=DIRECTION('',(-0.5,-0.866025403784439,0.));
#2734=DIRECTION('',(0.,-1.,0.));
#2735=DIRECTION('',(1.,0.,0.));
#2736=DIRECTION('',(0.,1.,0.));
#2737=DIRECTION('',(-0.5,0.866025403784439,0.));
#2738=DIRECTION('',(-1.,0.,0.));
#2739=DIRECTION('',(0.,0.,-1.));
#2740=DIRECTION('',(-1.,0.,0.));
#2741=DIRECTION('',(-0.5,-0.866025403784439,0.));
#2742=DIRECTION('',(0.,-1.,0.));
#2743=DIRECTION('',(1.,0.,0.));
#2744=DIRECTION('',(0.,1.,0.));
#2745=DIRECTION('',(-0.5,0.866025403784439,0.));
#2746=DIRECTION('',(-1.,0.,0.));
#2747=DIRECTION('',(0.,0.,-1.));
#2748=DIRECTION('',(-1.,0.,0.));
#2749=DIRECTION('',(-0.5,-0.866025403784439,0.));
#2750=DIRECTION('',(0.,-1.,0.));
#2751=DIRECTION('',(1.,0.,0.));
#2752=DIRECTION('',(0.,1.,0.));
#2753=DIRECTION('',(-0.500000000000001,0.866025403784438,0.));
#2754=DIRECTION('',(-1.,0.,0.));
#2755=DIRECTION('',(0.,0.,1.));
#2756=DIRECTION('',(1.,0.,0.));
#2757=DIRECTION('',(0.5,0.866025403784439,0.));
#2758=DIRECTION('',(-1.,0.,0.));
#2759=DIRECTION('',(0.5,-0.866025403784439,0.));
#2760=DIRECTION('',(0.,-1.,0.));
#2761=DIRECTION('',(-1.,0.,0.));
#2762=DIRECTION('',(0.,1.,0.));
#2763=DIRECTION('',(0.,0.,1.));
#2764=DIRECTION('',(1.,0.,0.));
#2765=DIRECTION('',(0.5,0.866025403784439,0.));
#2766=DIRECTION('',(-1.,0.,0.));
#2767=DIRECTION('',(0.5,-0.866025403784439,0.));
#2768=DIRECTION('',(0.,-1.,0.));
#2769=DIRECTION('',(-1.,0.,0.));
#2770=DIRECTION('',(0.,1.,0.));
#2771=DIRECTION('',(0.,0.,1.));
#2772=DIRECTION('',(1.,0.,0.));
#2773=DIRECTION('',(0.5,0.866025403784439,0.));
#2774=DIRECTION('',(-1.,0.,0.));
#2775=DIRECTION('',(0.5,-0.866025403784439,0.));
#2776=DIRECTION('',(0.,-1.,0.));
#2777=DIRECTION('',(-1.,0.,0.));
#2778=DIRECTION('',(0.,1.,0.));
#2779=DIRECTION('',(0.,0.,1.));
#2780=DIRECTION('',(1.,0.,0.));
#2781=DIRECTION('',(0.5,0.866025403784439,0.));
#2782=DIRECTION('',(-1.,0.,0.));
#2783=DIRECTION('',(0.500000000000001,-0.866025403784438,0.));
#2784=DIRECTION('',(0.,-1.,0.));
#2785=DIRECTION('',(-1.,0.,0.));
#2786=DIRECTION('',(0.,1.,0.));
#2787=DIRECTION('',(0.,1.,0.));
#2788=DIRECTION('',(0.,0.,1.));
#2789=DIRECTION('',(0.,0.,-1.));
#2790=DIRECTION('',(0.,0.,-1.));
#2791=DIRECTION('',(-1.,0.,0.));
#2792=DIRECTION('',(0.,1.,0.));
#2793=DIRECTION('',(0.,0.,1.));
#2794=DIRECTION('',(0.,0.,-1.));
#2795=DIRECTION('',(0.,0.,-1.));
#2796=DIRECTION('',(-1.,0.,0.));
#2797=DIRECTION('',(0.,1.,0.));
#2798=DIRECTION('',(0.,0.,1.));
#2799=DIRECTION('',(0.,0.,-1.));
#2800=DIRECTION('',(0.,0.,-1.));
#2801=DIRECTION('',(-1.,0.,0.));
#2802=DIRECTION('',(0.,1.,0.));
#2803=DIRECTION('',(0.,0.,1.));
#2804=DIRECTION('',(0.,0.,-1.));
#2805=DIRECTION('',(0.,0.,-1.));
#2806=DIRECTION('',(-1.,0.,0.));
#2807=DIRECTION('',(0.,0.,1.));
#2808=DIRECTION('',(1.,0.,0.));
#2809=DIRECTION('',(0.5,0.866025403784439,0.));
#2810=DIRECTION('',(0.5,-0.866025403784439,0.));
#2811=DIRECTION('',(0.,-1.,0.));
#2812=DIRECTION('',(-1.,0.,0.));
#2813=DIRECTION('',(0.,1.,0.));
#2814=DIRECTION('',(0.,0.,1.));
#2815=DIRECTION('',(1.,0.,0.));
#2816=DIRECTION('',(0.5,0.866025403784439,0.));
#2817=DIRECTION('',(0.5,-0.866025403784439,0.));
#2818=DIRECTION('',(0.,-1.,0.));
#2819=DIRECTION('',(-1.,0.,0.));
#2820=DIRECTION('',(0.,1.,0.));
#2821=DIRECTION('',(0.,0.,1.));
#2822=DIRECTION('',(1.,0.,0.));
#2823=DIRECTION('',(0.5,0.866025403784439,0.));
#2824=DIRECTION('',(0.5,-0.866025403784439,0.));
#2825=DIRECTION('',(0.,-1.,0.));
#2826=DIRECTION('',(-1.,0.,0.));
#2827=DIRECTION('',(0.,1.,0.));
#2828=DIRECTION('',(0.,0.,1.));
#2829=DIRECTION('',(1.,0.,0.));
#2830=DIRECTION('',(0.5,0.866025403784439,0.));
#2831=DIRECTION('',(0.500000000000001,-0.866025403784438,0.));
#2832=DIRECTION('',(0.,-1.,0.));
#2833=DIRECTION('',(-1.,0.,0.));
#2834=DIRECTION('',(0.,1.,0.));
#2835=DIRECTION('',(0.,0.,-1.));
#2836=DIRECTION('',(-1.,0.,0.));
#2837=DIRECTION('',(-0.5,-0.866025403784439,0.));
#2838=DIRECTION('',(0.,-1.,0.));
#2839=DIRECTION('',(-1.,0.,0.));
#2840=DIRECTION('',(0.,1.,0.));
#2841=DIRECTION('',(-0.5,0.866025403784439,0.));
#2842=DIRECTION('',(-1.,0.,0.));
#2843=DIRECTION('',(0.,0.,-1.));
#2844=DIRECTION('',(-1.,0.,0.));
#2845=DIRECTION('',(-0.5,-0.866025403784439,0.));
#2846=DIRECTION('',(0.,-1.,0.));
#2847=DIRECTION('',(-1.,0.,0.));
#2848=DIRECTION('',(0.,1.,0.));
#2849=DIRECTION('',(-0.5,0.866025403784439,0.));
#2850=DIRECTION('',(-1.,0.,0.));
#2851=DIRECTION('',(0.,0.,-1.));
#2852=DIRECTION('',(-1.,0.,0.));
#2853=DIRECTION('',(-0.5,-0.866025403784439,0.));
#2854=DIRECTION('',(0.,-1.,0.));
#2855=DIRECTION('',(-1.,0.,0.));
#2856=DIRECTION('',(0.,1.,0.));
#2857=DIRECTION('',(-0.5,0.866025403784439,0.));
#2858=DIRECTION('',(-1.,0.,0.));
#2859=DIRECTION('',(0.,0.,-1.));
#2860=DIRECTION('',(-1.,0.,0.));
#2861=DIRECTION('',(-0.5,-0.866025403784439,0.));
#2862=DIRECTION('',(0.,-1.,0.));
#2863=DIRECTION('',(-1.,0.,0.));
#2864=DIRECTION('',(0.,1.,0.));
#2865=DIRECTION('',(-0.500000000000001,0.866025403784438,0.));
#2866=DIRECTION('',(-1.,0.,0.));
#2867=DIRECTION('',(0.,1.,0.));
#2868=DIRECTION('',(0.,0.,1.));
#2869=DIRECTION('',(0.,0.,-1.));
#2870=DIRECTION('',(0.,0.,-1.));
#2871=DIRECTION('',(0.,1.,0.));
#2872=DIRECTION('',(0.,0.,1.));
#2873=DIRECTION('',(0.,0.,-1.));
#2874=DIRECTION('',(0.,0.,-1.));
#2875=DIRECTION('',(0.,1.,0.));
#2876=DIRECTION('',(0.,0.,1.));
#2877=DIRECTION('',(0.,0.,-1.));
#2878=DIRECTION('',(0.,0.,-1.));
#2879=DIRECTION('',(0.,1.,0.));
#2880=DIRECTION('',(0.,0.,1.));
#2881=DIRECTION('',(0.,0.,-1.));
#2882=DIRECTION('',(0.,0.,-1.));
#2883=DIRECTION('',(-1.,0.,0.));
#2884=DIRECTION('',(0.,0.,1.));
#2885=DIRECTION('',(0.,0.,-1.));
#2886=DIRECTION('',(0.,0.,-1.));
#2887=DIRECTION('',(-1.,0.,0.));
#2888=DIRECTION('',(0.,0.,1.));
#2889=DIRECTION('',(0.,0.,1.));
#2890=DIRECTION('',(0.,0.,-1.));
#2891=DIRECTION('',(1.,0.,0.));
#2892=DIRECTION('',(0.,0.,-1.));
#2893=DIRECTION('',(0.,0.,-1.));
#2894=DIRECTION('',(0.,0.,-1.));
#2895=DIRECTION('',(1.,0.,0.));
#2896=DIRECTION('',(0.,0.,-1.));
#2897=DIRECTION('',(0.,0.,-1.));
#2898=DIRECTION('',(0.,0.,-1.));
#2899=DIRECTION('',(-1.,0.,0.));
#2900=DIRECTION('',(0.,0.,1.));
#2901=DIRECTION('',(0.,0.,-1.));
#2902=DIRECTION('',(0.,0.,-1.));
#2903=DIRECTION('',(1.,0.,0.));
#2904=DIRECTION('',(0.,0.,-1.));
#2905=DIRECTION('',(0.,0.,-1.));
#2906=DIRECTION('',(0.,0.,-1.));
#2907=DIRECTION('',(-1.,0.,0.));
#2908=DIRECTION('',(0.,0.,1.));
#2909=DIRECTION('',(0.,0.,-1.));
#2910=DIRECTION('',(0.,0.,-1.));
#2911=DIRECTION('',(1.,0.,0.));
#2912=DIRECTION('',(0.,0.,-1.));
#2913=DIRECTION('',(0.,0.,-1.));
#2914=DIRECTION('',(0.,0.,-1.));
#2915=DIRECTION('',(-1.,0.,0.));
#2916=DIRECTION('',(0.,0.,1.));
#2917=DIRECTION('',(0.,0.,-1.));
#2918=DIRECTION('',(0.,0.,-1.));
#2919=DIRECTION('',(1.,0.,0.));
#2920=DIRECTION('',(0.,0.,-1.));
#2921=DIRECTION('',(0.,0.,-1.));
#2922=DIRECTION('',(0.,0.,-1.));
#2923=DIRECTION('',(1.,0.,0.));
#2924=DIRECTION('',(0.,0.,-1.));
#2925=DIRECTION('',(0.,0.,-1.));
#2926=DIRECTION('',(0.,0.,-1.));
#2927=DIRECTION('',(-1.,0.,0.));
#2928=DIRECTION('',(0.,0.,1.));
#2929=DIRECTION('',(0.,0.,1.));
#2930=DIRECTION('',(0.,0.,-1.));
#2931=DIRECTION('',(1.,0.,0.));
#2932=DIRECTION('',(0.,0.,-1.));
#2933=DIRECTION('',(0.,0.,-1.));
#2934=DIRECTION('',(0.,0.,-1.));
#2935=DIRECTION('',(-1.,0.,0.));
#2936=DIRECTION('',(0.,0.,1.));
#2937=DIRECTION('',(0.,0.,1.));
#2938=DIRECTION('',(0.,0.,-1.));
#2939=DIRECTION('',(-1.,0.,0.));
#2940=DIRECTION('',(0.,0.,1.));
#2941=DIRECTION('',(0.,0.,1.));
#2942=DIRECTION('',(0.,0.,-1.));
#2943=DIRECTION('',(1.,0.,0.));
#2944=DIRECTION('',(0.,0.,-1.));
#2945=DIRECTION('',(0.,0.,-1.));
#2946=DIRECTION('',(0.,0.,-1.));
#2947=DIRECTION('',(1.,0.,0.));
#2948=DIRECTION('',(0.,0.,-1.));
#2949=DIRECTION('',(0.,-1.,0.));
#2950=DIRECTION('',(0.,6.09787498585773E-16,-1.));
#2951=DIRECTION('',(0.,-1.,0.));
#2952=DIRECTION('',(0.,1.47190085865531E-15,1.));
#2953=DIRECTION('',(1.,0.,0.));
#2954=DIRECTION('',(0.,0.,-1.));
#2955=DIRECTION('',(0.,6.09787498585773E-16,-1.));
#2956=DIRECTION('',(0.,-1.,0.));
#2957=DIRECTION('',(0.,1.47190085865531E-15,1.));
#2958=DIRECTION('',(0.,-1.,0.));
#2959=DIRECTION('',(0.,-1.,1.47190085865531E-15));
#2960=DIRECTION('',(0.,-1.47190085865531E-15,-1.));
#2961=DIRECTION('',(1.,0.,0.));
#2962=DIRECTION('',(-1.,0.,0.));
#2963=DIRECTION('',(0.,1.,6.09787498585773E-16));
#2964=DIRECTION('',(0.,-6.09787498585773E-16,1.));
#2965=DIRECTION('',(-1.,0.,0.));
#2966=DIRECTION('',(1.,0.,0.));
#2967=DIRECTION('',(0.,0.,1.));
#2968=DIRECTION('',(1.,0.,0.));
#2969=DIRECTION('',(0.,0.,-1.));
#2970=DIRECTION('',(-1.,0.,0.));
#2971=DIRECTION('',(0.866025403784438,-0.5,0.));
#2972=DIRECTION('',(0.5,0.866025403784439,0.));
#2973=DIRECTION('',(-0.866025403784438,-0.5,0.));
#2974=DIRECTION('',(0.5,-0.866025403784439,0.));
#2975=DIRECTION('',(-0.866025403784439,-0.5,0.));
#2976=DIRECTION('',(0.5,-0.866025403784439,0.));
#2977=DIRECTION('',(0.866025403784439,-0.5,0.));
#2978=DIRECTION('',(0.5,0.866025403784439,0.));
#2979=DIRECTION('',(-0.866025403784438,-0.5,0.));
#2980=DIRECTION('',(0.5,-0.866025403784439,0.));
#2981=DIRECTION('',(0.866025403784438,-0.5,0.));
#2982=DIRECTION('',(0.5,0.866025403784439,0.));
#2983=DIRECTION('',(0.866025403784438,-0.5,0.));
#2984=DIRECTION('',(0.5,0.866025403784439,0.));
#2985=DIRECTION('',(-0.866025403784438,-0.5,0.));
#2986=DIRECTION('',(0.5,-0.866025403784439,0.));
#2987=DIRECTION('',(0.866025403784439,-0.5,0.));
#2988=DIRECTION('',(0.5,0.866025403784439,0.));
#2989=DIRECTION('',(-0.866025403784439,-0.5,0.));
#2990=DIRECTION('',(0.5,-0.866025403784439,0.));
#2991=DIRECTION('',(0.866025403784438,-0.5,0.));
#2992=DIRECTION('',(0.5,0.866025403784439,0.));
#2993=DIRECTION('',(-0.866025403784438,-0.5,0.));
#2994=DIRECTION('',(0.5,-0.866025403784439,0.));
#2995=DIRECTION('',(0.866025403784439,-0.5,0.));
#2996=DIRECTION('',(0.5,0.866025403784439,0.));
#2997=DIRECTION('',(0.866025403784439,-0.5,0.));
#2998=DIRECTION('',(0.5,0.866025403784439,0.));
#2999=DIRECTION('',(-0.866025403784438,-0.500000000000001,0.));
#3000=DIRECTION('',(0.500000000000001,-0.866025403784438,0.));
#3001=DIRECTION('',(-0.866025403784438,-0.500000000000001,0.));
#3002=DIRECTION('',(0.500000000000001,-0.866025403784438,0.));
#3003=DIRECTION('',(0.,0.,1.));
#3004=DIRECTION('',(1.,0.,0.));
#3005=CARTESIAN_POINT('',(0.,0.,0.));
#3006=CARTESIAN_POINT('',(0.21,0.335,-0.0975));
#3007=CARTESIAN_POINT('',(0.19,0.335,-0.0975));
#3008=CARTESIAN_POINT('',(0.19,0.02,-0.0975));
#3009=CARTESIAN_POINT('',(0.19,0.,-0.0975));
#3010=CARTESIAN_POINT('',(0.21,0.02,-0.0975));
#3011=CARTESIAN_POINT('',(0.11,0.02,-0.0975));
#3012=CARTESIAN_POINT('',(0.11,0.335,-0.0975));
#3013=CARTESIAN_POINT('',(0.11,0.,-0.0975));
#3014=CARTESIAN_POINT('',(0.21,0.,-0.0975));
#3015=CARTESIAN_POINT('',(0.09,0.,-0.0975));
#3016=CARTESIAN_POINT('',(0.09,0.335,-0.0975));
#3017=CARTESIAN_POINT('',(0.09,0.02,-0.0975));
#3018=CARTESIAN_POINT('',(0.21,0.02,-0.0975));
#3019=CARTESIAN_POINT('',(0.01,0.02,-0.0975));
#3020=CARTESIAN_POINT('',(0.01,0.335,-0.0975));
#3021=CARTESIAN_POINT('',(0.01,0.,-0.0975));
#3022=CARTESIAN_POINT('',(0.21,0.,-0.0975));
#3023=CARTESIAN_POINT('',(-0.01,0.,-0.0975));
#3024=CARTESIAN_POINT('',(-0.01,0.335,-0.0975));
#3025=CARTESIAN_POINT('',(-0.01,0.02,-0.0975));
#3026=CARTESIAN_POINT('',(0.21,0.02,-0.0975));
#3027=CARTESIAN_POINT('',(-0.09,0.02,-0.0975));
#3028=CARTESIAN_POINT('',(-0.09,0.335,-0.0975));
#3029=CARTESIAN_POINT('',(-0.09,0.,-0.0975));
#3030=CARTESIAN_POINT('',(0.21,0.,-0.0975));
#3031=CARTESIAN_POINT('',(-0.11,0.,-0.0975));
#3032=CARTESIAN_POINT('',(-0.11,0.335,-0.0975));
#3033=CARTESIAN_POINT('',(-0.11,0.02,-0.0975));
#3034=CARTESIAN_POINT('',(0.21,0.02,-0.0975));
#3035=CARTESIAN_POINT('',(-0.19,0.02,-0.0975));
#3036=CARTESIAN_POINT('',(-0.19,0.335,-0.0975));
#3037=CARTESIAN_POINT('',(-0.19,0.,-0.0975));
#3038=CARTESIAN_POINT('',(0.21,0.,-0.0975));
#3039=CARTESIAN_POINT('',(-0.21,0.,-0.0975));
#3040=CARTESIAN_POINT('',(-0.21,0.335,-0.0975));
#3041=CARTESIAN_POINT('',(-0.21,0.335,-0.0975));
#3042=CARTESIAN_POINT('',(0.21,0.335,-0.0975));
#3043=CARTESIAN_POINT('',(0.21,0.335,-0.0975));
#3044=CARTESIAN_POINT('',(0.21,0.335,-0.0975));
#3045=CARTESIAN_POINT('',(0.21,0.,-0.0975));
#3046=CARTESIAN_POINT('',(0.21,0.,-0.0975));
#3047=CARTESIAN_POINT('',(-0.21,0.335,0.0975));
#3048=CARTESIAN_POINT('',(0.19,0.335,0.0975));
#3049=CARTESIAN_POINT('',(0.19,0.,0.0975));
#3050=CARTESIAN_POINT('',(0.19,0.02,0.0975));
#3051=CARTESIAN_POINT('',(-0.21,0.,0.0975));
#3052=CARTESIAN_POINT('',(0.21,0.,0.0975));
#3053=CARTESIAN_POINT('',(0.21,0.335,0.0975));
#3054=CARTESIAN_POINT('',(0.21,0.335,0.0975));
#3055=CARTESIAN_POINT('',(-0.21,0.335,0.0975));
#3056=CARTESIAN_POINT('',(-0.21,0.335,0.0975));
#3057=CARTESIAN_POINT('',(-0.21,0.335,0.0975));
#3058=CARTESIAN_POINT('',(-0.21,0.,0.0975));
#3059=CARTESIAN_POINT('',(-0.21,0.,0.0975));
#3060=CARTESIAN_POINT('',(-0.19,0.,0.0975));
#3061=CARTESIAN_POINT('',(-0.19,0.335,0.0975));
#3062=CARTESIAN_POINT('',(-0.19,0.02,0.0975));
#3063=CARTESIAN_POINT('',(-0.21,0.02,0.0975));
#3064=CARTESIAN_POINT('',(-0.11,0.02,0.0975));
#3065=CARTESIAN_POINT('',(-0.11,0.335,0.0975));
#3066=CARTESIAN_POINT('',(-0.11,0.,0.0975));
#3067=CARTESIAN_POINT('',(-0.21,0.,0.0975));
#3068=CARTESIAN_POINT('',(-0.09,0.,0.0975));
#3069=CARTESIAN_POINT('',(-0.09,0.335,0.0975));
#3070=CARTESIAN_POINT('',(-0.09,0.02,0.0975));
#3071=CARTESIAN_POINT('',(-0.21,0.02,0.0975));
#3072=CARTESIAN_POINT('',(-0.01,0.02,0.0975));
#3073=CARTESIAN_POINT('',(-0.01,0.335,0.0975));
#3074=CARTESIAN_POINT('',(-0.01,0.,0.0975));
#3075=CARTESIAN_POINT('',(-0.21,0.,0.0975));
#3076=CARTESIAN_POINT('',(0.01,0.,0.0975));
#3077=CARTESIAN_POINT('',(0.01,0.335,0.0975));
#3078=CARTESIAN_POINT('',(0.01,0.02,0.0975));
#3079=CARTESIAN_POINT('',(-0.21,0.02,0.0975));
#3080=CARTESIAN_POINT('',(0.09,0.02,0.0975));
#3081=CARTESIAN_POINT('',(0.09,0.335,0.0975));
#3082=CARTESIAN_POINT('',(0.09,0.,0.0975));
#3083=CARTESIAN_POINT('',(-0.21,0.,0.0975));
#3084=CARTESIAN_POINT('',(0.11,0.,0.0975));
#3085=CARTESIAN_POINT('',(0.11,0.335,0.0975));
#3086=CARTESIAN_POINT('',(0.11,0.02,0.0975));
#3087=CARTESIAN_POINT('',(-0.21,0.02,0.0975));
#3088=CARTESIAN_POINT('',(0.1655,0.335,0.0345));
#3089=CARTESIAN_POINT('',(0.1345,0.335,0.0345));
#3090=CARTESIAN_POINT('',(0.1345,0.335,0.0345));
#3091=CARTESIAN_POINT('',(0.1345,0.02,0.0345));
#3092=CARTESIAN_POINT('',(0.1655,0.02,0.0345));
#3093=CARTESIAN_POINT('',(0.1655,0.02,0.0345));
#3094=CARTESIAN_POINT('',(0.1655,0.335,0.0345));
#3095=CARTESIAN_POINT('',(0.1655,0.335,0.0345));
#3096=CARTESIAN_POINT('',(0.1655,0.335,0.0345));
#3097=CARTESIAN_POINT('',(0.1655,0.335,0.0655));
#3098=CARTESIAN_POINT('',(0.1655,0.02,0.0655));
#3099=CARTESIAN_POINT('',(0.1655,0.02,0.0655));
#3100=CARTESIAN_POINT('',(0.1655,0.335,0.0655));
#3101=CARTESIAN_POINT('',(0.1655,0.335,0.0655));
#3102=CARTESIAN_POINT('',(0.1655,0.335,0.0655));
#3103=CARTESIAN_POINT('',(0.1345,0.335,0.0655));
#3104=CARTESIAN_POINT('',(0.1345,0.02,0.0655));
#3105=CARTESIAN_POINT('',(0.1345,0.02,0.0655));
#3106=CARTESIAN_POINT('',(0.1345,0.335,0.0655));
#3107=CARTESIAN_POINT('',(0.1345,0.335,0.0655));
#3108=CARTESIAN_POINT('',(0.1345,0.335,0.0655));
#3109=CARTESIAN_POINT('',(0.1655,0.335,-0.0655));
#3110=CARTESIAN_POINT('',(0.1345,0.335,-0.0655));
#3111=CARTESIAN_POINT('',(0.1345,0.335,-0.0655));
#3112=CARTESIAN_POINT('',(0.1345,0.02,-0.0655));
#3113=CARTESIAN_POINT('',(0.1655,0.02,-0.0655));
#3114=CARTESIAN_POINT('',(0.1655,0.02,-0.0655));
#3115=CARTESIAN_POINT('',(0.1655,0.335,-0.0655));
#3116=CARTESIAN_POINT('',(0.1655,0.335,-0.0655));
#3117=CARTESIAN_POINT('',(0.1655,0.335,-0.0655));
#3118=CARTESIAN_POINT('',(0.1655,0.335,-0.0345));
#3119=CARTESIAN_POINT('',(0.1655,0.02,-0.0345));
#3120=CARTESIAN_POINT('',(0.1655,0.02,-0.0345));
#3121=CARTESIAN_POINT('',(0.1655,0.335,-0.0345));
#3122=CARTESIAN_POINT('',(0.1655,0.335,-0.0345));
#3123=CARTESIAN_POINT('',(0.1655,0.335,-0.0345));
#3124=CARTESIAN_POINT('',(0.1345,0.335,-0.0345));
#3125=CARTESIAN_POINT('',(0.1345,0.02,-0.0345));
#3126=CARTESIAN_POINT('',(0.1345,0.02,-0.0345));
#3127=CARTESIAN_POINT('',(0.1345,0.335,-0.0345));
#3128=CARTESIAN_POINT('',(0.1345,0.335,-0.0345));
#3129=CARTESIAN_POINT('',(0.1345,0.335,-0.0345));
#3130=CARTESIAN_POINT('',(0.0655,0.335,0.0345));
#3131=CARTESIAN_POINT('',(0.0345,0.335,0.0345));
#3132=CARTESIAN_POINT('',(0.0345,0.335,0.0345));
#3133=CARTESIAN_POINT('',(0.0345,0.02,0.0345));
#3134=CARTESIAN_POINT('',(0.0655,0.02,0.0345));
#3135=CARTESIAN_POINT('',(0.0655,0.02,0.0345));
#3136=CARTESIAN_POINT('',(0.0655,0.335,0.0345));
#3137=CARTESIAN_POINT('',(0.0655,0.335,0.0345));
#3138=CARTESIAN_POINT('',(0.0655,0.335,0.0345));
#3139=CARTESIAN_POINT('',(0.0655,0.335,0.0655));
#3140=CARTESIAN_POINT('',(0.0655,0.02,0.0655));
#3141=CARTESIAN_POINT('',(0.0655,0.02,0.0655));
#3142=CARTESIAN_POINT('',(0.0655,0.335,0.0655));
#3143=CARTESIAN_POINT('',(0.0655,0.335,0.0655));
#3144=CARTESIAN_POINT('',(0.0655,0.335,0.0655));
#3145=CARTESIAN_POINT('',(0.0345,0.335,0.0655));
#3146=CARTESIAN_POINT('',(0.0345,0.02,0.0655));
#3147=CARTESIAN_POINT('',(0.0345,0.02,0.0655));
#3148=CARTESIAN_POINT('',(0.0345,0.335,0.0655));
#3149=CARTESIAN_POINT('',(0.0345,0.335,0.0655));
#3150=CARTESIAN_POINT('',(0.0345,0.335,0.0655));
#3151=CARTESIAN_POINT('',(0.0655,0.335,-0.0655));
#3152=CARTESIAN_POINT('',(0.0345,0.335,-0.0655));
#3153=CARTESIAN_POINT('',(0.0345,0.335,-0.0655));
#3154=CARTESIAN_POINT('',(0.0345,0.02,-0.0655));
#3155=CARTESIAN_POINT('',(0.0655,0.02,-0.0655));
#3156=CARTESIAN_POINT('',(0.0655,0.02,-0.0655));
#3157=CARTESIAN_POINT('',(0.0655,0.335,-0.0655));
#3158=CARTESIAN_POINT('',(0.0655,0.335,-0.0655));
#3159=CARTESIAN_POINT('',(0.0655,0.335,-0.0655));
#3160=CARTESIAN_POINT('',(0.0655,0.335,-0.0345));
#3161=CARTESIAN_POINT('',(0.0655,0.02,-0.0345));
#3162=CARTESIAN_POINT('',(0.0655,0.02,-0.0345));
#3163=CARTESIAN_POINT('',(0.0655,0.335,-0.0345));
#3164=CARTESIAN_POINT('',(0.0655,0.335,-0.0345));
#3165=CARTESIAN_POINT('',(0.0655,0.335,-0.0345));
#3166=CARTESIAN_POINT('',(0.0345,0.335,-0.0345));
#3167=CARTESIAN_POINT('',(0.0345,0.02,-0.0345));
#3168=CARTESIAN_POINT('',(0.0345,0.02,-0.0345));
#3169=CARTESIAN_POINT('',(0.0345,0.335,-0.0345));
#3170=CARTESIAN_POINT('',(0.0345,0.335,-0.0345));
#3171=CARTESIAN_POINT('',(0.0345,0.335,-0.0345));
#3172=CARTESIAN_POINT('',(-0.0345,0.335,0.0345));
#3173=CARTESIAN_POINT('',(-0.0655,0.335,0.0345));
#3174=CARTESIAN_POINT('',(-0.0655,0.335,0.0345));
#3175=CARTESIAN_POINT('',(-0.0655,0.02,0.0345));
#3176=CARTESIAN_POINT('',(-0.0345,0.02,0.0345));
#3177=CARTESIAN_POINT('',(-0.0345,0.02,0.0345));
#3178=CARTESIAN_POINT('',(-0.0345,0.335,0.0345));
#3179=CARTESIAN_POINT('',(-0.0345,0.335,0.0345));
#3180=CARTESIAN_POINT('',(-0.0345,0.335,0.0345));
#3181=CARTESIAN_POINT('',(-0.0345,0.335,0.0655));
#3182=CARTESIAN_POINT('',(-0.0345,0.02,0.0655));
#3183=CARTESIAN_POINT('',(-0.0345,0.02,0.0655));
#3184=CARTESIAN_POINT('',(-0.0345,0.335,0.0655));
#3185=CARTESIAN_POINT('',(-0.0345,0.335,0.0655));
#3186=CARTESIAN_POINT('',(-0.0345,0.335,0.0655));
#3187=CARTESIAN_POINT('',(-0.0655,0.335,0.0655));
#3188=CARTESIAN_POINT('',(-0.0655,0.02,0.0655));
#3189=CARTESIAN_POINT('',(-0.0655,0.02,0.0655));
#3190=CARTESIAN_POINT('',(-0.0655,0.335,0.0655));
#3191=CARTESIAN_POINT('',(-0.0655,0.335,0.0655));
#3192=CARTESIAN_POINT('',(-0.0655,0.335,0.0655));
#3193=CARTESIAN_POINT('',(-0.0345,0.335,-0.0655));
#3194=CARTESIAN_POINT('',(-0.0655,0.335,-0.0655));
#3195=CARTESIAN_POINT('',(-0.0655,0.335,-0.0655));
#3196=CARTESIAN_POINT('',(-0.0655,0.02,-0.0655));
#3197=CARTESIAN_POINT('',(-0.0345,0.02,-0.0655));
#3198=CARTESIAN_POINT('',(-0.0345,0.02,-0.0655));
#3199=CARTESIAN_POINT('',(-0.0345,0.335,-0.0655));
#3200=CARTESIAN_POINT('',(-0.0345,0.335,-0.0655));
#3201=CARTESIAN_POINT('',(-0.0345,0.335,-0.0655));
#3202=CARTESIAN_POINT('',(-0.0345,0.335,-0.0345));
#3203=CARTESIAN_POINT('',(-0.0345,0.02,-0.0345));
#3204=CARTESIAN_POINT('',(-0.0345,0.02,-0.0345));
#3205=CARTESIAN_POINT('',(-0.0345,0.335,-0.0345));
#3206=CARTESIAN_POINT('',(-0.0345,0.335,-0.0345));
#3207=CARTESIAN_POINT('',(-0.0345,0.335,-0.0345));
#3208=CARTESIAN_POINT('',(-0.0655,0.335,-0.0345));
#3209=CARTESIAN_POINT('',(-0.0655,0.02,-0.0345));
#3210=CARTESIAN_POINT('',(-0.0655,0.02,-0.0345));
#3211=CARTESIAN_POINT('',(-0.0655,0.335,-0.0345));
#3212=CARTESIAN_POINT('',(-0.0655,0.335,-0.0345));
#3213=CARTESIAN_POINT('',(-0.0655,0.335,-0.0345));
#3214=CARTESIAN_POINT('',(-0.1345,0.335,0.0345));
#3215=CARTESIAN_POINT('',(-0.1655,0.335,0.0345));
#3216=CARTESIAN_POINT('',(-0.1655,0.335,0.0345));
#3217=CARTESIAN_POINT('',(-0.1655,0.02,0.0345));
#3218=CARTESIAN_POINT('',(-0.1345,0.02,0.0345));
#3219=CARTESIAN_POINT('',(-0.1345,0.02,0.0345));
#3220=CARTESIAN_POINT('',(-0.1345,0.335,0.0345));
#3221=CARTESIAN_POINT('',(-0.1345,0.335,0.0345));
#3222=CARTESIAN_POINT('',(-0.1345,0.335,0.0345));
#3223=CARTESIAN_POINT('',(-0.1345,0.335,0.0655));
#3224=CARTESIAN_POINT('',(-0.1345,0.02,0.0655));
#3225=CARTESIAN_POINT('',(-0.1345,0.02,0.0655));
#3226=CARTESIAN_POINT('',(-0.1345,0.335,0.0655));
#3227=CARTESIAN_POINT('',(-0.1345,0.335,0.0655));
#3228=CARTESIAN_POINT('',(-0.1345,0.335,0.0655));
#3229=CARTESIAN_POINT('',(-0.1655,0.335,0.0655));
#3230=CARTESIAN_POINT('',(-0.1655,0.02,0.0655));
#3231=CARTESIAN_POINT('',(-0.1655,0.02,0.0655));
#3232=CARTESIAN_POINT('',(-0.1655,0.335,0.0655));
#3233=CARTESIAN_POINT('',(-0.1655,0.335,0.0655));
#3234=CARTESIAN_POINT('',(-0.1655,0.335,0.0655));
#3235=CARTESIAN_POINT('',(-0.1345,0.335,-0.0655));
#3236=CARTESIAN_POINT('',(-0.1655,0.335,-0.0655));
#3237=CARTESIAN_POINT('',(-0.1655,0.335,-0.0655));
#3238=CARTESIAN_POINT('',(-0.1655,0.02,-0.0655));
#3239=CARTESIAN_POINT('',(-0.1345,0.02,-0.0655));
#3240=CARTESIAN_POINT('',(-0.1345,0.02,-0.0655));
#3241=CARTESIAN_POINT('',(-0.1345,0.335,-0.0655));
#3242=CARTESIAN_POINT('',(-0.1345,0.335,-0.0655));
#3243=CARTESIAN_POINT('',(-0.1345,0.335,-0.0655));
#3244=CARTESIAN_POINT('',(-0.1345,0.335,-0.0345));
#3245=CARTESIAN_POINT('',(-0.1345,0.02,-0.0345));
#3246=CARTESIAN_POINT('',(-0.1345,0.02,-0.0345));
#3247=CARTESIAN_POINT('',(-0.1345,0.335,-0.0345));
#3248=CARTESIAN_POINT('',(-0.1345,0.335,-0.0345));
#3249=CARTESIAN_POINT('',(-0.1345,0.335,-0.0345));
#3250=CARTESIAN_POINT('',(-0.1655,0.335,-0.0345));
#3251=CARTESIAN_POINT('',(-0.1655,0.02,-0.0345));
#3252=CARTESIAN_POINT('',(-0.1655,0.02,-0.0345));
#3253=CARTESIAN_POINT('',(-0.1655,0.335,-0.0345));
#3254=CARTESIAN_POINT('',(-0.1655,0.335,-0.0345));
#3255=CARTESIAN_POINT('',(-0.1655,0.335,-0.0345));
#3256=CARTESIAN_POINT('',(0.1345,0.335,0.0345));
#3257=CARTESIAN_POINT('',(0.1345,0.02,0.0345));
#3258=CARTESIAN_POINT('',(0.1345,0.335,0.0345));
#3259=CARTESIAN_POINT('',(0.1345,0.335,-0.0655));
#3260=CARTESIAN_POINT('',(0.1345,0.02,-0.0655));
#3261=CARTESIAN_POINT('',(0.1345,0.335,-0.0655));
#3262=CARTESIAN_POINT('',(0.0345,0.335,0.0345));
#3263=CARTESIAN_POINT('',(0.0345,0.02,0.0345));
#3264=CARTESIAN_POINT('',(0.0345,0.335,0.0345));
#3265=CARTESIAN_POINT('',(0.0345,0.335,-0.0655));
#3266=CARTESIAN_POINT('',(0.0345,0.02,-0.0655));
#3267=CARTESIAN_POINT('',(0.0345,0.335,-0.0655));
#3268=CARTESIAN_POINT('',(-0.0655,0.335,0.0345));
#3269=CARTESIAN_POINT('',(-0.0655,0.02,0.0345));
#3270=CARTESIAN_POINT('',(-0.0655,0.335,0.0345));
#3271=CARTESIAN_POINT('',(-0.0655,0.335,-0.0655));
#3272=CARTESIAN_POINT('',(-0.0655,0.02,-0.0655));
#3273=CARTESIAN_POINT('',(-0.0655,0.335,-0.0655));
#3274=CARTESIAN_POINT('',(-0.1655,0.335,0.0345));
#3275=CARTESIAN_POINT('',(-0.1655,0.02,0.0345));
#3276=CARTESIAN_POINT('',(-0.1655,0.335,0.0345));
#3277=CARTESIAN_POINT('',(-0.1655,0.335,-0.0655));
#3278=CARTESIAN_POINT('',(-0.1655,0.02,-0.0655));
#3279=CARTESIAN_POINT('',(-0.1655,0.335,-0.0655));
#3280=CARTESIAN_POINT('',(0.,0.,0.));
#3281=CARTESIAN_POINT('',(-0.19,0.,0.));
#3282=CARTESIAN_POINT('',(-0.21,0.,-0.0975));
#3283=CARTESIAN_POINT('',(0.,0.,0.));
#3284=CARTESIAN_POINT('',(0.19,0.,0.));
#3285=CARTESIAN_POINT('',(0.21,0.,0.0975));
#3286=CARTESIAN_POINT('',(0.,0.,0.));
#3287=CARTESIAN_POINT('',(0.11,0.,0.));
#3288=CARTESIAN_POINT('',(0.09,0.,0.));
#3289=CARTESIAN_POINT('',(0.,0.,0.));
#3290=CARTESIAN_POINT('',(0.01,0.,0.));
#3291=CARTESIAN_POINT('',(-0.01,0.,0.));
#3292=CARTESIAN_POINT('',(0.,0.,0.));
#3293=CARTESIAN_POINT('',(-0.09,0.,0.));
#3294=CARTESIAN_POINT('',(-0.11,0.,0.));
#3295=CARTESIAN_POINT('',(-0.21,0.335,-0.0975));
#3296=CARTESIAN_POINT('',(-0.21,0.335,-0.0975));
#3297=CARTESIAN_POINT('',(0.21,0.335,0.0975));
#3298=CARTESIAN_POINT('',(0.21,0.335,0.0975));
#3299=CARTESIAN_POINT('',(0.,0.335,0.));
#3300=CARTESIAN_POINT('',(-0.11,-0.05,0.2));
#3301=CARTESIAN_POINT('',(-0.11,0.02,0.2));
#3302=CARTESIAN_POINT('',(-0.19,0.02,0.2));
#3303=CARTESIAN_POINT('',(-0.19,0.02,0.2));
#3304=CARTESIAN_POINT('',(-0.11,0.02,0.2));
#3305=CARTESIAN_POINT('',(-0.01,-0.05,0.2));
#3306=CARTESIAN_POINT('',(-0.01,0.02,0.2));
#3307=CARTESIAN_POINT('',(-0.09,0.02,0.2));
#3308=CARTESIAN_POINT('',(-0.09,0.02,0.2));
#3309=CARTESIAN_POINT('',(-0.01,0.02,0.2));
#3310=CARTESIAN_POINT('',(0.09,-0.05,0.2));
#3311=CARTESIAN_POINT('',(0.09,0.02,0.2));
#3312=CARTESIAN_POINT('',(0.01,0.02,0.2));
#3313=CARTESIAN_POINT('',(0.01,0.02,0.2));
#3314=CARTESIAN_POINT('',(0.09,0.02,0.2));
#3315=CARTESIAN_POINT('',(0.19,0.02,0.2));
#3316=CARTESIAN_POINT('',(0.19,0.02,0.2));
#3317=CARTESIAN_POINT('',(0.11,0.02,0.2));
#3318=CARTESIAN_POINT('',(0.19,-0.08,0.2));
#3319=CARTESIAN_POINT('',(0.11,0.02,0.2));
#3320=CARTESIAN_POINT('',(0.,0.,0.));
#3321=CARTESIAN_POINT('',(0.1705,0.144,0.058));
#3322=CARTESIAN_POINT('',(0.22160382907248,0.114495190528383,0.058));
#3323=CARTESIAN_POINT('',(0.1655,0.0173205080756888,0.058));
#3324=CARTESIAN_POINT('',(0.1555,0.,0.058));
#3325=CARTESIAN_POINT('',(0.1655,0.144,0.058));
#3326=CARTESIAN_POINT('',(0.1655,0.139,0.058));
#3327=CARTESIAN_POINT('',(0.1705,0.139,0.058));
#3328=CARTESIAN_POINT('',(0.1345,0.139,0.058));
#3329=CARTESIAN_POINT('',(0.1345,0.144,0.058));
#3330=CARTESIAN_POINT('',(0.1345,0.0173205080756889,0.058));
#3331=CARTESIAN_POINT('',(0.0886461709275205,0.0967416697508023,0.058));
#3332=CARTESIAN_POINT('',(0.1445,0.,0.058));
#3333=CARTESIAN_POINT('',(0.1705,0.,0.058));
#3334=CARTESIAN_POINT('',(0.1705,0.144,0.058));
#3335=CARTESIAN_POINT('',(0.14660382907248,0.157796460717605,0.058));
#3336=CARTESIAN_POINT('',(0.0655,0.0173205080756888,0.058));
#3337=CARTESIAN_POINT('',(0.0555,0.,0.058));
#3338=CARTESIAN_POINT('',(0.0655,0.144,0.058));
#3339=CARTESIAN_POINT('',(0.0655,0.139,0.058));
#3340=CARTESIAN_POINT('',(0.1705,0.139,0.058));
#3341=CARTESIAN_POINT('',(0.0345,0.139,0.058));
#3342=CARTESIAN_POINT('',(0.0345,0.144,0.058));
#3343=CARTESIAN_POINT('',(0.0345,0.0173205080756888,0.058));
#3344=CARTESIAN_POINT('',(0.0136461709275205,0.0534403995615804,0.058));
#3345=CARTESIAN_POINT('',(0.0445,0.,0.058));
#3346=CARTESIAN_POINT('',(0.1705,0.,0.058));
#3347=CARTESIAN_POINT('',(0.1705,0.144,0.058));
#3348=CARTESIAN_POINT('',(0.0716038290724795,0.201097730906827,0.058));
#3349=CARTESIAN_POINT('',(-0.0345,0.0173205080756888,0.058));
#3350=CARTESIAN_POINT('',(-0.0445,0.,0.058));
#3351=CARTESIAN_POINT('',(-0.0345,0.144,0.058));
#3352=CARTESIAN_POINT('',(-0.0345,0.139,0.058));
#3353=CARTESIAN_POINT('',(0.1705,0.139,0.058));
#3354=CARTESIAN_POINT('',(-0.0655,0.139,0.058));
#3355=CARTESIAN_POINT('',(-0.0655,0.144,0.058));
#3356=CARTESIAN_POINT('',(-0.0655,0.0173205080756888,0.058));
#3357=CARTESIAN_POINT('',(-0.0613538290724796,0.0101391293723584,0.058));
#3358=CARTESIAN_POINT('',(-0.0555,0.,0.058));
#3359=CARTESIAN_POINT('',(0.1705,0.,0.058));
#3360=CARTESIAN_POINT('',(0.1705,0.144,0.058));
#3361=CARTESIAN_POINT('',(-0.0033961709275203,0.244399001096049,0.058));
#3362=CARTESIAN_POINT('',(-0.1345,0.0173205080756888,0.058));
#3363=CARTESIAN_POINT('',(-0.1445,0.,0.058));
#3364=CARTESIAN_POINT('',(-0.1345,0.144,0.058));
#3365=CARTESIAN_POINT('',(-0.1345,0.139,0.058));
#3366=CARTESIAN_POINT('',(0.1705,0.139,0.058));
#3367=CARTESIAN_POINT('',(-0.1655,0.139,0.058));
#3368=CARTESIAN_POINT('',(-0.1655,0.144,0.058));
#3369=CARTESIAN_POINT('',(-0.1655,0.0173205080756888,0.058));
#3370=CARTESIAN_POINT('',(-0.136353829072479,-0.0331621408168637,0.058));
#3371=CARTESIAN_POINT('',(-0.1555,0.,0.058));
#3372=CARTESIAN_POINT('',(0.1705,0.,0.058));
#3373=CARTESIAN_POINT('',(0.1705,0.,-0.058));
#3374=CARTESIAN_POINT('',(0.15925,0.00649519052838326,-0.058));
#3375=CARTESIAN_POINT('',(0.1555,0.,-0.058));
#3376=CARTESIAN_POINT('',(0.1655,0.0173205080756887,-0.058));
#3377=CARTESIAN_POINT('',(0.1705,0.,-0.058));
#3378=CARTESIAN_POINT('',(0.1445,0.,-0.058));
#3379=CARTESIAN_POINT('',(0.151,-0.0112583302491977,-0.058));
#3380=CARTESIAN_POINT('',(0.1345,0.0173205080756888,-0.058));
#3381=CARTESIAN_POINT('',(0.1345,0.,-0.058));
#3382=CARTESIAN_POINT('',(0.1345,0.139,-0.058));
#3383=CARTESIAN_POINT('',(0.1705,0.139,-0.058));
#3384=CARTESIAN_POINT('',(0.1655,0.139,-0.058));
#3385=CARTESIAN_POINT('',(0.1655,0.,-0.058));
#3386=CARTESIAN_POINT('',(0.1705,0.,-0.058));
#3387=CARTESIAN_POINT('',(0.08425,0.0497964607176052,-0.058));
#3388=CARTESIAN_POINT('',(0.0555,0.,-0.058));
#3389=CARTESIAN_POINT('',(0.0655,0.0173205080756888,-0.058));
#3390=CARTESIAN_POINT('',(0.1705,0.,-0.058));
#3391=CARTESIAN_POINT('',(0.0445,0.,-0.058));
#3392=CARTESIAN_POINT('',(0.076,-0.0545596004384196,-0.058));
#3393=CARTESIAN_POINT('',(0.0345,0.0173205080756888,-0.058));
#3394=CARTESIAN_POINT('',(0.0345,0.,-0.058));
#3395=CARTESIAN_POINT('',(0.0345,0.139,-0.058));
#3396=CARTESIAN_POINT('',(0.1705,0.139,-0.058));
#3397=CARTESIAN_POINT('',(0.0655,0.139,-0.058));
#3398=CARTESIAN_POINT('',(0.0655,0.,-0.058));
#3399=CARTESIAN_POINT('',(0.1705,0.,-0.058));
#3400=CARTESIAN_POINT('',(0.00924999999999998,0.0930977309068271,-0.058));
#3401=CARTESIAN_POINT('',(-0.0445,0.,-0.058));
#3402=CARTESIAN_POINT('',(-0.0345,0.0173205080756888,-0.058));
#3403=CARTESIAN_POINT('',(0.1705,0.,-0.058));
#3404=CARTESIAN_POINT('',(-0.0555,0.,-0.058));
#3405=CARTESIAN_POINT('',(0.00100000000000007,-0.0978608706276416,-0.058));
#3406=CARTESIAN_POINT('',(-0.0655,0.0173205080756888,-0.058));
#3407=CARTESIAN_POINT('',(-0.0655,0.,-0.058));
#3408=CARTESIAN_POINT('',(-0.0655,0.139,-0.058));
#3409=CARTESIAN_POINT('',(0.1705,0.139,-0.058));
#3410=CARTESIAN_POINT('',(-0.0345,0.139,-0.058));
#3411=CARTESIAN_POINT('',(-0.0345,0.,-0.058));
#3412=CARTESIAN_POINT('',(0.1705,0.,-0.058));
#3413=CARTESIAN_POINT('',(-0.0657499999999999,0.136399001096049,-0.058));
#3414=CARTESIAN_POINT('',(-0.1445,0.,-0.058));
#3415=CARTESIAN_POINT('',(-0.1345,0.0173205080756888,-0.058));
#3416=CARTESIAN_POINT('',(0.1705,0.,-0.058));
#3417=CARTESIAN_POINT('',(-0.1555,0.,-0.058));
#3418=CARTESIAN_POINT('',(-0.0739999999999997,-0.141162140816864,-0.058));
#3419=CARTESIAN_POINT('',(-0.1655,0.0173205080756888,-0.058));
#3420=CARTESIAN_POINT('',(-0.1655,0.,-0.058));
#3421=CARTESIAN_POINT('',(-0.1655,0.139,-0.058));
#3422=CARTESIAN_POINT('',(0.1705,0.139,-0.058));
#3423=CARTESIAN_POINT('',(-0.1345,0.139,-0.058));
#3424=CARTESIAN_POINT('',(-0.1345,0.,-0.058));
#3425=CARTESIAN_POINT('',(0.1705,0.,0.058));
#3426=CARTESIAN_POINT('',(0.1555,0.,0.5));
#3427=CARTESIAN_POINT('',(0.1555,0.,0.042));
#3428=CARTESIAN_POINT('',(0.1445,0.,0.5));
#3429=CARTESIAN_POINT('',(0.1445,0.,0.042));
#3430=CARTESIAN_POINT('',(0.1705,0.,0.042));
#3431=CARTESIAN_POINT('',(0.1705,0.,0.058));
#3432=CARTESIAN_POINT('',(0.0555,0.,0.5));
#3433=CARTESIAN_POINT('',(0.0555,0.,0.042));
#3434=CARTESIAN_POINT('',(0.0445,0.,0.5));
#3435=CARTESIAN_POINT('',(0.0445,0.,0.042));
#3436=CARTESIAN_POINT('',(0.1705,0.,0.042));
#3437=CARTESIAN_POINT('',(0.1705,0.,0.058));
#3438=CARTESIAN_POINT('',(-0.0445,0.,0.5));
#3439=CARTESIAN_POINT('',(-0.0445,0.,0.042));
#3440=CARTESIAN_POINT('',(-0.0555,0.,0.5));
#3441=CARTESIAN_POINT('',(-0.0555,0.,0.042));
#3442=CARTESIAN_POINT('',(0.1705,0.,0.042));
#3443=CARTESIAN_POINT('',(0.1705,0.,0.058));
#3444=CARTESIAN_POINT('',(-0.1445,0.,0.5));
#3445=CARTESIAN_POINT('',(-0.1445,0.,0.042));
#3446=CARTESIAN_POINT('',(-0.1555,0.,0.5));
#3447=CARTESIAN_POINT('',(-0.1555,0.,0.042));
#3448=CARTESIAN_POINT('',(0.1705,0.,0.042));
#3449=CARTESIAN_POINT('',(0.1705,0.,0.042));
#3450=CARTESIAN_POINT('',(0.15925,0.00649519052838326,0.042));
#3451=CARTESIAN_POINT('',(0.1655,0.0173205080756887,0.042));
#3452=CARTESIAN_POINT('',(0.151,-0.0112583302491977,0.042));
#3453=CARTESIAN_POINT('',(0.1345,0.0173205080756888,0.042));
#3454=CARTESIAN_POINT('',(0.1345,0.,0.042));
#3455=CARTESIAN_POINT('',(0.1345,0.139,0.042));
#3456=CARTESIAN_POINT('',(0.1705,0.139,0.042));
#3457=CARTESIAN_POINT('',(0.1655,0.139,0.042));
#3458=CARTESIAN_POINT('',(0.1655,0.,0.042));
#3459=CARTESIAN_POINT('',(0.1705,0.,0.042));
#3460=CARTESIAN_POINT('',(0.08425,0.0497964607176052,0.042));
#3461=CARTESIAN_POINT('',(0.0655,0.0173205080756888,0.042));
#3462=CARTESIAN_POINT('',(0.076,-0.0545596004384196,0.042));
#3463=CARTESIAN_POINT('',(0.0345,0.0173205080756888,0.042));
#3464=CARTESIAN_POINT('',(0.0345,0.,0.042));
#3465=CARTESIAN_POINT('',(0.0345,0.139,0.042));
#3466=CARTESIAN_POINT('',(0.1705,0.139,0.042));
#3467=CARTESIAN_POINT('',(0.0655,0.139,0.042));
#3468=CARTESIAN_POINT('',(0.0655,0.,0.042));
#3469=CARTESIAN_POINT('',(0.1705,0.,0.042));
#3470=CARTESIAN_POINT('',(0.00924999999999998,0.0930977309068271,0.042));
#3471=CARTESIAN_POINT('',(-0.0345,0.0173205080756888,0.042));
#3472=CARTESIAN_POINT('',(0.00100000000000007,-0.0978608706276416,0.042));
#3473=CARTESIAN_POINT('',(-0.0655,0.0173205080756888,0.042));
#3474=CARTESIAN_POINT('',(-0.0655,0.,0.042));
#3475=CARTESIAN_POINT('',(-0.0655,0.139,0.042));
#3476=CARTESIAN_POINT('',(0.1705,0.139,0.042));
#3477=CARTESIAN_POINT('',(-0.0345,0.139,0.042));
#3478=CARTESIAN_POINT('',(-0.0345,0.,0.042));
#3479=CARTESIAN_POINT('',(0.1705,0.,0.042));
#3480=CARTESIAN_POINT('',(-0.0657499999999999,0.136399001096049,0.042));
#3481=CARTESIAN_POINT('',(-0.1345,0.0173205080756888,0.042));
#3482=CARTESIAN_POINT('',(-0.0739999999999997,-0.141162140816864,0.042));
#3483=CARTESIAN_POINT('',(-0.1655,0.0173205080756888,0.042));
#3484=CARTESIAN_POINT('',(-0.1655,0.,0.042));
#3485=CARTESIAN_POINT('',(-0.1655,0.139,0.042));
#3486=CARTESIAN_POINT('',(0.1705,0.139,0.042));
#3487=CARTESIAN_POINT('',(-0.1345,0.139,0.042));
#3488=CARTESIAN_POINT('',(-0.1345,0.,0.042));
#3489=CARTESIAN_POINT('',(0.1705,0.139,-0.042));
#3490=CARTESIAN_POINT('',(0.219438765563019,0.110745190528383,-0.042));
#3491=CARTESIAN_POINT('',(0.1655,0.0173205080756888,-0.042));
#3492=CARTESIAN_POINT('',(0.1555,0.,-0.042));
#3493=CARTESIAN_POINT('',(0.1655,0.139,-0.042));
#3494=CARTESIAN_POINT('',(0.1655,0.139,-0.042));
#3495=CARTESIAN_POINT('',(0.1705,0.139,-0.042));
#3496=CARTESIAN_POINT('',(0.1345,0.139,-0.042));
#3497=CARTESIAN_POINT('',(0.1345,0.139,-0.042));
#3498=CARTESIAN_POINT('',(0.1345,0.0173205080756889,-0.042));
#3499=CARTESIAN_POINT('',(0.0908112344369815,0.0929916697508023,-0.042));
#3500=CARTESIAN_POINT('',(0.1445,0.,-0.042));
#3501=CARTESIAN_POINT('',(0.1705,0.,-0.042));
#3502=CARTESIAN_POINT('',(0.1705,0.139,-0.042));
#3503=CARTESIAN_POINT('',(0.144438765563019,0.154046460717605,-0.042));
#3504=CARTESIAN_POINT('',(0.0655,0.0173205080756888,-0.042));
#3505=CARTESIAN_POINT('',(0.0555,0.,-0.042));
#3506=CARTESIAN_POINT('',(0.0655,0.139,-0.042));
#3507=CARTESIAN_POINT('',(0.0655,0.139,-0.042));
#3508=CARTESIAN_POINT('',(0.1705,0.139,-0.042));
#3509=CARTESIAN_POINT('',(0.0345,0.139,-0.042));
#3510=CARTESIAN_POINT('',(0.0345,0.139,-0.042));
#3511=CARTESIAN_POINT('',(0.0345,0.0173205080756888,-0.042));
#3512=CARTESIAN_POINT('',(0.0158112344369815,0.0496903995615804,-0.042));
#3513=CARTESIAN_POINT('',(0.0445,0.,-0.042));
#3514=CARTESIAN_POINT('',(0.1705,0.,-0.042));
#3515=CARTESIAN_POINT('',(0.1705,0.139,-0.042));
#3516=CARTESIAN_POINT('',(0.0694387655630185,0.197347730906827,-0.042));
#3517=CARTESIAN_POINT('',(-0.0345,0.0173205080756888,-0.042));
#3518=CARTESIAN_POINT('',(-0.0445,0.,-0.042));
#3519=CARTESIAN_POINT('',(-0.0345,0.139,-0.042));
#3520=CARTESIAN_POINT('',(-0.0345,0.139,-0.042));
#3521=CARTESIAN_POINT('',(0.1705,0.139,-0.042));
#3522=CARTESIAN_POINT('',(-0.0655,0.139,-0.042));
#3523=CARTESIAN_POINT('',(-0.0655,0.139,-0.042));
#3524=CARTESIAN_POINT('',(-0.0655,0.0173205080756888,-0.042));
#3525=CARTESIAN_POINT('',(-0.0591887655630185,0.00638912937235842,-0.042));
#3526=CARTESIAN_POINT('',(-0.0555,0.,-0.042));
#3527=CARTESIAN_POINT('',(0.1705,0.,-0.042));
#3528=CARTESIAN_POINT('',(0.1705,0.139,-0.042));
#3529=CARTESIAN_POINT('',(-0.00556123443698138,0.240649001096049,-0.042));
#3530=CARTESIAN_POINT('',(-0.1345,0.0173205080756888,-0.042));
#3531=CARTESIAN_POINT('',(-0.1445,0.,-0.042));
#3532=CARTESIAN_POINT('',(-0.1345,0.139,-0.042));
#3533=CARTESIAN_POINT('',(-0.1345,0.139,-0.042));
#3534=CARTESIAN_POINT('',(0.1705,0.139,-0.042));
#3535=CARTESIAN_POINT('',(-0.1655,0.139,-0.042));
#3536=CARTESIAN_POINT('',(-0.1655,0.139,-0.042));
#3537=CARTESIAN_POINT('',(-0.1655,0.0173205080756888,-0.042));
#3538=CARTESIAN_POINT('',(-0.134188765563018,-0.0369121408168637,-0.042));
#3539=CARTESIAN_POINT('',(-0.1555,0.,-0.042));
#3540=CARTESIAN_POINT('',(0.1705,0.,-0.042));
#3541=CARTESIAN_POINT('',(0.1705,0.,-0.042));
#3542=CARTESIAN_POINT('',(0.1555,0.,0.5));
#3543=CARTESIAN_POINT('',(0.1445,0.,0.5));
#3544=CARTESIAN_POINT('',(0.1705,0.,-0.042));
#3545=CARTESIAN_POINT('',(0.0555,0.,0.5));
#3546=CARTESIAN_POINT('',(0.0445,0.,0.5));
#3547=CARTESIAN_POINT('',(0.1705,0.,-0.042));
#3548=CARTESIAN_POINT('',(-0.0445,0.,0.5));
#3549=CARTESIAN_POINT('',(-0.0555,0.,0.5));
#3550=CARTESIAN_POINT('',(0.1705,0.,-0.042));
#3551=CARTESIAN_POINT('',(-0.1445,0.,0.5));
#3552=CARTESIAN_POINT('',(-0.1555,0.,0.5));
#3553=CARTESIAN_POINT('',(-0.1655,-0.35,1.));
#3554=CARTESIAN_POINT('',(-0.1655,0.0173205080756888,0.5));
#3555=CARTESIAN_POINT('',(-0.1655,0.139,1.));
#3556=CARTESIAN_POINT('',(-0.1655,-0.35,1.));
#3557=CARTESIAN_POINT('',(-0.1655,0.0173205080756888,1.));
#3558=CARTESIAN_POINT('',(-0.1655,0.139,1.));
#3559=CARTESIAN_POINT('',(0.1655,0.139,1.));
#3560=CARTESIAN_POINT('',(0.1655,0.0173205080756888,0.5));
#3561=CARTESIAN_POINT('',(0.1655,0.139,1.));
#3562=CARTESIAN_POINT('',(0.1655,0.139,1.));
#3563=CARTESIAN_POINT('',(0.1655,0.0173205080756887,1.));
#3564=CARTESIAN_POINT('',(0.1655,0.139,1.));
#3565=CARTESIAN_POINT('',(-0.0655,-0.35,1.));
#3566=CARTESIAN_POINT('',(-0.0655,0.0173205080756888,0.5));
#3567=CARTESIAN_POINT('',(-0.0655,0.139,1.));
#3568=CARTESIAN_POINT('',(-0.1345,0.139,1.));
#3569=CARTESIAN_POINT('',(-0.1345,0.0173205080756888,0.5));
#3570=CARTESIAN_POINT('',(-0.1345,0.139,1.));
#3571=CARTESIAN_POINT('',(0.0345,-0.35,1.));
#3572=CARTESIAN_POINT('',(0.0345,0.0173205080756888,0.5));
#3573=CARTESIAN_POINT('',(0.0345,0.139,1.));
#3574=CARTESIAN_POINT('',(-0.0345,0.139,1.));
#3575=CARTESIAN_POINT('',(-0.0345,0.0173205080756888,0.5));
#3576=CARTESIAN_POINT('',(-0.0345,0.139,1.));
#3577=CARTESIAN_POINT('',(0.1345,-0.35,1.));
#3578=CARTESIAN_POINT('',(0.1345,0.0173205080756888,0.5));
#3579=CARTESIAN_POINT('',(0.1345,0.139,1.));
#3580=CARTESIAN_POINT('',(0.0655,0.139,1.));
#3581=CARTESIAN_POINT('',(0.0655,0.0173205080756888,0.5));
#3582=CARTESIAN_POINT('',(0.0655,0.139,1.));
#3583=CARTESIAN_POINT('',(-0.1345,0.139,1.));
#3584=CARTESIAN_POINT('',(-0.1345,0.0173205080756888,1.));
#3585=CARTESIAN_POINT('',(-0.1345,0.139,1.));
#3586=CARTESIAN_POINT('',(-0.0655,-0.35,1.));
#3587=CARTESIAN_POINT('',(-0.0655,0.0173205080756888,1.));
#3588=CARTESIAN_POINT('',(-0.0655,0.139,1.));
#3589=CARTESIAN_POINT('',(-0.0345,0.139,1.));
#3590=CARTESIAN_POINT('',(-0.0345,0.0173205080756888,1.));
#3591=CARTESIAN_POINT('',(-0.0345,0.139,1.));
#3592=CARTESIAN_POINT('',(0.0345,-0.35,1.));
#3593=CARTESIAN_POINT('',(0.0345,0.0173205080756888,1.));
#3594=CARTESIAN_POINT('',(0.0345,0.139,1.));
#3595=CARTESIAN_POINT('',(0.1345,-0.35,1.));
#3596=CARTESIAN_POINT('',(0.1345,0.0173205080756889,1.));
#3597=CARTESIAN_POINT('',(0.1345,0.139,1.));
#3598=CARTESIAN_POINT('',(0.0655,0.139,1.));
#3599=CARTESIAN_POINT('',(0.0655,0.0173205080756888,1.));
#3600=CARTESIAN_POINT('',(0.0655,0.139,1.));
#3601=CARTESIAN_POINT('',(0.1705,0.,0.));
#3602=CARTESIAN_POINT('',(0.1705,0.144,0.074));
#3603=CARTESIAN_POINT('',(0.1705,0.144,0.074));
#3604=CARTESIAN_POINT('',(0.1705,0.139,0.074));
#3605=CARTESIAN_POINT('',(0.1705,0.139,0.042));
#3606=CARTESIAN_POINT('',(0.1705,0.139,-0.074));
#3607=CARTESIAN_POINT('',(0.1705,0.144,-0.074));
#3608=CARTESIAN_POINT('',(0.1705,0.144,-0.074));
#3609=CARTESIAN_POINT('',(0.1705,0.144,-0.058));
#3610=CARTESIAN_POINT('',(-0.1705,0.,0.));
#3611=CARTESIAN_POINT('',(-0.1705,0.139,0.042));
#3612=CARTESIAN_POINT('',(-0.1705,0.139,0.074));
#3613=CARTESIAN_POINT('',(-0.1705,0.139,-0.074));
#3614=CARTESIAN_POINT('',(-0.1705,0.144,0.074));
#3615=CARTESIAN_POINT('',(-0.1705,0.144,0.074));
#3616=CARTESIAN_POINT('',(-0.1705,0.144,-0.058));
#3617=CARTESIAN_POINT('',(-0.1705,0.144,-0.074));
#3618=CARTESIAN_POINT('',(-0.1705,0.144,-0.074));
#3619=CARTESIAN_POINT('',(0.1705,0.144,-0.058));
#3620=CARTESIAN_POINT('',(-0.1705,0.144,0.074));
#3621=CARTESIAN_POINT('',(0.1705,0.144,-0.074));
#3622=CARTESIAN_POINT('',(0.1705,0.139,0.042));
#3623=CARTESIAN_POINT('',(0.1705,0.139,-0.074));
#3624=CARTESIAN_POINT('',(-0.1705,0.139,0.074));
#3625=CARTESIAN_POINT('',(0.1705,0.144,-0.074));
#3626=CARTESIAN_POINT('',(-0.1705,0.144,0.074));
#3627=CARTESIAN_POINT('',(0.0655,0.0173205080756888,0.5));
#3628=CARTESIAN_POINT('',(0.1445,0.,0.5));
#3629=CARTESIAN_POINT('',(0.0445,0.,0.5));
#3630=CARTESIAN_POINT('',(-0.0345,0.0173205080756888,0.5));
#3631=CARTESIAN_POINT('',(-0.0555,0.,0.5));
#3632=CARTESIAN_POINT('',(-0.1345,0.0173205080756888,0.5));
#3633=CARTESIAN_POINT('',(0.0655,0.0173205080756888,0.5));
#3634=CARTESIAN_POINT('',(0.1445,0.,0.5));
#3635=CARTESIAN_POINT('',(-0.0345,0.0173205080756888,0.5));
#3636=CARTESIAN_POINT('',(0.0445,0.,0.5));
#3637=CARTESIAN_POINT('',(-0.1345,0.0173205080756888,0.5));
#3638=CARTESIAN_POINT('',(-0.0555,0.,0.5));
#3639=CARTESIAN_POINT('',(0.1655,0.0173205080756888,0.5));
#3640=CARTESIAN_POINT('',(0.1655,0.0173205080756888,0.5));
#3641=CARTESIAN_POINT('',(-0.1555,0.,0.5));
#3642=CARTESIAN_POINT('',(-0.1555,0.,0.5));
#3643=CARTESIAN_POINT('',(0.,-0.104,-1.27363267111325E-17));
#3644=MECHANICAL_DESIGN_GEOMETRIC_PRESENTATION_REPRESENTATION('',(#2313,
#2314),#3645);
#3645=(
GEOMETRIC_REPRESENTATION_CONTEXT(3)
GLOBAL_UNCERTAINTY_ASSIGNED_CONTEXT((#3648))
GLOBAL_UNIT_ASSIGNED_CONTEXT((#3653,#3652,#3651))
REPRESENTATION_CONTEXT('SSW-104-01-G-D','TOP_LEVEL_ASSEMBLY_PART')
);
#3646=(
GEOMETRIC_REPRESENTATION_CONTEXT(3)
GLOBAL_UNCERTAINTY_ASSIGNED_CONTEXT((#3649))
GLOBAL_UNIT_ASSIGNED_CONTEXT((#3653,#3652,#3651))
REPRESENTATION_CONTEXT('T1SSW-104-01-G-D','COMPONENT_PART')
);
#3647=(
GEOMETRIC_REPRESENTATION_CONTEXT(3)
GLOBAL_UNCERTAINTY_ASSIGNED_CONTEXT((#3650))
GLOBAL_UNIT_ASSIGNED_CONTEXT((#3653,#3652,#3651))
REPRESENTATION_CONTEXT('P2SSW-104-01-G-D','COMPONENT_PART')
);
#3648=UNCERTAINTY_MEASURE_WITH_UNIT(LENGTH_MEASURE(3.93700787401575E-7),
#3653,'DISTANCE_ACCURACY_VALUE','Maximum Tolerance applied to model');
#3649=UNCERTAINTY_MEASURE_WITH_UNIT(LENGTH_MEASURE(3.93700787401575E-7),
#3653,'DISTANCE_ACCURACY_VALUE','Maximum Tolerance applied to model');
#3650=UNCERTAINTY_MEASURE_WITH_UNIT(LENGTH_MEASURE(3.93700787401575E-7),
#3653,'DISTANCE_ACCURACY_VALUE','Maximum Tolerance applied to model');
#3651=(
NAMED_UNIT(*)
SI_UNIT($,.STERADIAN.)
SOLID_ANGLE_UNIT()
);
#3652=(
NAMED_UNIT(*)
PLANE_ANGLE_UNIT()
SI_UNIT($,.RADIAN.)
);
#3653=(
CONVERSION_BASED_UNIT('INCH',#3655)
LENGTH_UNIT()
NAMED_UNIT(#3654)
);
#3654=DIMENSIONAL_EXPONENTS(1.,0.,0.,0.,0.,0.,0.);
#3655=LENGTH_MEASURE_WITH_UNIT(LENGTH_MEASURE(25.4),#3656);
#3656=(
LENGTH_UNIT()
NAMED_UNIT(*)
SI_UNIT(.MILLI.,.METRE.)
);
#3657=PRODUCT_DEFINITION_SHAPE('','',#3662);
#3658=PRODUCT_DEFINITION_SHAPE('','',#3663);
#3659=PRODUCT_DEFINITION_SHAPE(' ','NAUO PRDDFN',#21);
#3660=PRODUCT_DEFINITION_SHAPE('','',#3664);
#3661=PRODUCT_DEFINITION_SHAPE(' ','NAUO PRDDFN',#22);
#3662=PRODUCT_DEFINITION('','',#3668,#3665);
#3663=PRODUCT_DEFINITION('','',#3669,#3666);
#3664=PRODUCT_DEFINITION('','',#3670,#3667);
#3665=PRODUCT_DEFINITION_CONTEXT('',#3684,'design');
#3666=PRODUCT_DEFINITION_CONTEXT('',#3684,'design');
#3667=PRODUCT_DEFINITION_CONTEXT('',#3684,'design');
#3668=PRODUCT_DEFINITION_FORMATION_WITH_SPECIFIED_SOURCE('','',#3674,
 .NOT_KNOWN.);
#3669=PRODUCT_DEFINITION_FORMATION_WITH_SPECIFIED_SOURCE('','',#3675,
 .NOT_KNOWN.);
#3670=PRODUCT_DEFINITION_FORMATION_WITH_SPECIFIED_SOURCE('','',#3676,
 .NOT_KNOWN.);
#3671=PRODUCT_RELATED_PRODUCT_CATEGORY('','',(#3674));
#3672=PRODUCT_RELATED_PRODUCT_CATEGORY('','',(#3675));
#3673=PRODUCT_RELATED_PRODUCT_CATEGORY('','',(#3676));
#3674=PRODUCT('SSW-104-01-G-D','SSW-104-01-G-D','SSW-104-01-G-D',(#3680));
#3675=PRODUCT('T1SSW-104-01-G-D','T1SSW-104-01-G-D','T1SSW-104-01-G-D',
(#3681));
#3676=PRODUCT('P2SSW-104-01-G-D','P2SSW-104-01-G-D','P2SSW-104-01-G-D',
(#3682));
#3677=PRODUCT_CATEGORY('','');
#3678=PRODUCT_CATEGORY('','');
#3679=PRODUCT_CATEGORY('','');
#3680=PRODUCT_CONTEXT('',#3684,'mechanical');
#3681=PRODUCT_CONTEXT('',#3684,'mechanical');
#3682=PRODUCT_CONTEXT('',#3684,'mechanical');
#3683=APPLICATION_PROTOCOL_DEFINITION('international standard',
'automotive_design',2010,#3684);
#3684=APPLICATION_CONTEXT(
'core data for automotive mechanical design processes');
ENDSEC;
END-ISO-10303-21;
